[
    {
        "search_link": "https://twitter.com/search?q=%23adityabirlahealthinsurance&src=typed_query&f=top",
        "user_name": "Amit Mehta",
        "user_handle": "/AmitMeh11823982",
        "tweet_date": "Jan 6",
        "timestamp": "2023-01-06T13:27:22.000Z",
        "tweet_content": "#adityabirlacapital    #adityabirlahealthinsurance  \nI am chasing for the policy document against renewal premium payment made on 13th December 2022 via online link shared by their customer care executive. Pathetic customer care service. Pathetic response. I will never recommend.",
        "replies": "4",
        "retweets": "2",
        "likes": "1",
        "app": "adityabirla"
    },
    {
        "search_link": "https://twitter.com/search?q=%23adityabirlahealthinsurance&src=typed_query&f=top",
        "user_name": "Abhishek Lende",
        "user_handle": "/LendeAbhishek",
        "tweet_date": "Jul 28",
        "timestamp": "2023-07-28T13:24:34.000Z",
        "tweet_content": "My Name is Cliam\n\n #ABHIkaro \n  #AdityaBirlaHealthInsurance  \n\nTag\n \n \n",
        "replies": "",
        "retweets": "",
        "likes": "2",
        "app": "adityabirla"
    },
    null,
    {
        "search_link": "https://twitter.com/search?q=%23adityabirlahealthinsurance&src=typed_query&f=top",
        "user_name": "SHAIK RAHEEM YOUNUS",
        "user_handle": "/thejanuaryboy",
        "tweet_date": "Jul 28",
        "timestamp": "2023-07-28T11:45:05.000Z",
        "tweet_content": "U Me Aur Claim\n #ABHIkaro \n  #AdityaBirlaHealthInsurance     \n\nJoin\n \n \n",
        "replies": "",
        "retweets": "",
        "likes": "2",
        "app": "adityabirla"
    },
    {
        "search_link": "https://twitter.com/search?q=%23adityabirlahealthinsurance&src=typed_query&f=top",
        "user_name": "Vivek Agarwal",
        "user_handle": "/VivekDigital",
        "tweet_date": "May 3",
        "timestamp": "2023-05-03T04:50:21.000Z",
        "tweet_content": " I know Vishwas for a really long time and truest believe he is just being shoved around for a legitimate medical emergency claim. I am sure you can do something here.         #Adityabirlahealthinsurance",
        "replies": "",
        "retweets": "",
        "likes": "",
        "app": "adityabirla"
    },
    {
        "search_link": "https://twitter.com/search?q=%23adityabirlahealthinsurance&src=typed_query&f=top",
        "user_name": "Deepadhan",
        "user_handle": "/Deepaadhan3",
        "tweet_date": "Jul 28",
        "timestamp": "2023-07-28T13:54:03.000Z",
        "tweet_content": "Maine Claim Kiya  #ABHIkaro    #AdityaBirlaHealthInsurance     join                           ",
        "replies": "",
        "retweets": "",
        "likes": "4",
        "app": "adityabirla"
    },
    {
        "search_link": "https://twitter.com/search?q=%23adityabirlahealthinsurance&src=typed_query&f=top",
        "user_name": "Abhishek Lende",
        "user_handle": "/LendeAbhishek",
        "tweet_date": "Feb 5",
        "timestamp": "2023-02-05T12:49:27.000Z",
        "tweet_content": "Humare customers ne 10000 steps chalkar  #KyaPEECHEChodaHai   \n\nWord - PEECHE \n\n #ABHIKaro    #adityabirlahealthinsurance    #10ksteps \n \n\nTag\n \n \n",
        "replies": "",
        "retweets": "",
        "likes": "1",
        "app": "adityabirla"
    },
    {
        "search_link": "https://twitter.com/search?q=%23adityabirlahealthinsurance&src=typed_query&f=top",
        "user_name": "ujjawal kumar",
        "user_handle": "/ujjawalkumar26",
        "tweet_date": "Jul 28",
        "timestamp": "2023-07-28T11:16:02.000Z",
        "tweet_content": "1. Sirf Ek CLAIM kafi hai\n2. CLAIM of the Year\n3. CLAIM zinda hai\n4. CLAIM Singh\n\n #ABHIkaro \n  #AdityaBirlaHealthInsurance  \n \n\nJOIN\n\n \n \n \n \n \n \n",
        "replies": "",
        "retweets": "",
        "likes": "4",
        "app": "adityabirla"
    },
    {
        "search_link": "https://twitter.com/search?q=%23adityabirlahealthinsurance&src=typed_query&f=top",
        "user_name": "Samant Rai ",
        "user_handle": "/samantbansal",
        "tweet_date": "Feb 5",
        "timestamp": "2023-02-05T13:41:16.000Z",
        "tweet_content": "#KyaPeecheChhodaHai  \nMissing word Peeche  #ContestAlert   #ABHIkaro    #AdityaBirlaHealthInsurance    #10KSteps            ",
        "replies": "",
        "retweets": "2",
        "likes": "2",
        "app": "adityabirla"
    },
    {
        "search_link": "https://twitter.com/search?q=%23adityabirlahealthinsurance&src=typed_query&f=top",
        "user_name": "S O U R A V ",
        "user_handle": "/sourav_das7",
        "tweet_date": "Feb 5",
        "timestamp": "2023-02-05T08:33:47.000Z",
        "tweet_content": "Humare customers ne 10000 steps chalkar  #KyaPEECHEChodaHai \n #ABHIKaro    #adityabirlahealthinsurance    #10ksteps \n  \n\nTag     ",
        "replies": "1",
        "retweets": "1",
        "likes": "2",
        "app": "adityabirla"
    },
    {
        "search_link": "https://twitter.com/search?q=%23adityabirlahealthinsurance&src=typed_query&f=top",
        "user_name": "kishorek",
        "user_handle": "/coolkishore59",
        "tweet_date": "Feb 6",
        "timestamp": "2023-02-06T02:39:23.000Z",
        "tweet_content": "Humare customers ne 10000 steps chalkar  #KyaPEECHEChodaHai   \n\nWord - PEECHE \n\n #ABHIKaro    #adityabirlahealthinsurance    #10ksteps \n \nJoin mates\n \n \n \n \n \n \n",
        "replies": "",
        "retweets": "",
        "likes": "1",
        "app": "adityabirla"
    },
    {
        "search_link": "https://twitter.com/search?q=%23adityabirlahealthinsurance&src=typed_query&f=top",
        "user_name": "𝗜𝗻𝗱𝗿𝗮𝗻𝗶𝗹 𝗕𝗵𝗮𝘁𝘁𝗮𝗰𝗵𝗮𝗿𝘆𝗮",
        "user_handle": "/invisibleindra1",
        "tweet_date": "Feb 5",
        "timestamp": "2023-02-05T13:53:40.000Z",
        "tweet_content": "Humare customers ne 10000 steps chalkar  #KyaPEECHEChodaHai \n\nWord - PEECHE\n\n #ABHIKaro    #adityabirlahealthinsurance    #10ksteps \n \n\nJOIN\n                    ",
        "replies": "",
        "retweets": "1",
        "likes": "2",
        "app": "adityabirla"
    },
    {
        "search_link": "https://twitter.com/search?q=%23adityabirlahealthinsurance&src=typed_query&f=top",
        "user_name": "Karan solanki",
        "user_handle": "/karan_solanki_7",
        "tweet_date": "Feb 5",
        "timestamp": "2023-02-05T05:30:14.000Z",
        "tweet_content": "Ans)   #KyaPeecheChhodaHai \n #ABHIkaro    #AdityaBirlaHealthInsurance  \n #ContestAlert \n  \nTag\n@ParmarJay121 \n \n \n \n",
        "replies": "",
        "retweets": "",
        "likes": "1",
        "app": "adityabirla"
    },
    {
        "search_link": "https://twitter.com/search?q=%23adityabirlahealthinsurance&src=typed_query&f=top",
        "user_name": "Ruchika",
        "user_handle": "/navya_ruchi",
        "tweet_date": "Feb 7",
        "timestamp": "2023-02-07T17:54:30.000Z",
        "tweet_content": "Word : Peeche \n\n #ABHIkaro    #AdityaBirlaHealthInsurance  \n #ContestAlert \n \n        ",
        "replies": "",
        "retweets": "",
        "likes": "1",
        "app": "adityabirla"
    },
    {
        "search_link": "https://twitter.com/search?q=%23adityabirlahealthinsurance&src=typed_query&f=top",
        "user_name": "ANIL",
        "user_handle": "/aniljainhansi",
        "tweet_date": "Feb 5",
        "timestamp": "2023-02-05T14:53:57.000Z",
        "tweet_content": "Humare customers ne 10000 steps chalkar \n #KyaPeecheChhodaHai   \n #ABHIkaro \n  #AdityaBirlaHealthInsurance  \n #ContestAlert \n  \nJoin     ",
        "replies": "",
        "retweets": "",
        "likes": "1",
        "app": "adityabirla"
    },
    {
        "search_link": "https://twitter.com/search?q=%23adityabirlahealthinsurance&src=typed_query&f=top",
        "user_name": "ABC - Aditya Birla Health Insurance",
        "user_handle": "/abhealthin",
        "tweet_date": "Aug 20",
        "timestamp": "2023-08-20T05:09:53.000Z",
        "tweet_content": "Congratulations to the winners of  #ClaimsContest :\n \n \n \n\nThank you for showing your creative filmy sides  \n\nWe'll be back with another fun contest. Till then, stay healthy and happy!\n\n  #AdityaBirlaHealthInsurance    #ABHIkaro",
        "replies": "7",
        "retweets": "2",
        "likes": "14",
        "app": "adityabirla"
    },
    {
        "search_link": "https://twitter.com/search?q=%23adityabirlahealthinsurance&src=typed_query&f=top",
        "user_name": "Mohammed Ashraf",
        "user_handle": "/Mohamme60737795",
        "tweet_date": "Jul 27",
        "timestamp": "2023-07-26T19:29:52.000Z",
        "tweet_content": "My claim number 1122385070194 service request number CAS-5393880-H5B2L3 its hard for me to submit each document again and again with small addition done by doctor. Waiting for my claim amount settlement as soon as possible.  #abhealthi    #adityabirlahealthinsurance",
        "replies": "1",
        "retweets": "1",
        "likes": "",
        "app": "adityabirla"
    },
    {
        "search_link": "https://twitter.com/search?q=%23adityabirlahealthinsurance&src=typed_query&f=top",
        "user_name": "vinz",
        "user_handle": "/vind24r",
        "tweet_date": "Feb 5",
        "timestamp": "2023-02-05T08:04:47.000Z",
        "tweet_content": "Missing word : Peeche\n\n10K steps karke humare customers ne  #KyaPeecheChhodaHai \n #ABHIkaro    #AdityaBirlaHealthInsurance    #ContestAlert \n   \n \n  \n@Dharanidharan59 \n \n \n \n \n",
        "replies": "",
        "retweets": "",
        "likes": "6",
        "app": "adityabirla"
    },
    {
        "search_link": "https://twitter.com/search?q=%23adityabirlahealthinsurance&src=typed_query&f=top",
        "user_name": "Laxmi Patel",
        "user_handle": "/LaxmiPatell",
        "tweet_date": "Feb 5",
        "timestamp": "2023-02-05T06:29:44.000Z",
        "tweet_content": "Ans:   #KyaPeecheChhodaHai \n\nWord : Peeche \n\n #ABHIkaro    #AdityaBirlaHealthInsurance  \n #ContestAlert \n  \nTagging\n \n \n \n \n",
        "replies": "",
        "retweets": "",
        "likes": "5",
        "app": "adityabirla"
    },
    {
        "search_link": "https://twitter.com/search?q=%23adityabirlahealthinsurance&src=typed_query&f=top",
        "user_name": "Dhaval Parmar",
        "user_handle": "/dhavalparmar77",
        "tweet_date": "Jul 6",
        "timestamp": "2023-07-06T15:00:13.000Z",
        "tweet_content": "Worst service from Agency Manager after Issuing Premium cheque for PA, Manager says premium increase by company. \n  #adityabirlahealthinsurance",
        "replies": "1",
        "retweets": "",
        "likes": "1",
        "app": "adityabirla"
    },
    {
        "search_link": "https://twitter.com/search?q=%23adityabirlahealthinsurance&src=typed_query&f=top",
        "user_name": "Jayant Goyal",
        "user_handle": "/ShadowGarv7",
        "tweet_date": "Feb 5",
        "timestamp": "2023-02-05T15:47:42.000Z",
        "tweet_content": "Humare Customers ne 10000 Steps chalkar \n #KyaPeecheChhodaHai !\n\n #ContestAlert   #Contest \n #ABHIkaro \n  #AdityaBirlaHealthInsurance   \n@abhealthi\n\nTag\n \n \n \n \n \n \n \n \n",
        "replies": "",
        "retweets": "",
        "likes": "6",
        "app": "adityabirla"
    },
    {
        "search_link": "https://twitter.com/search?q=%23adityabirlahealthinsurance&src=typed_query&f=top",
        "user_name": "Räj Jäñärdhäñ",
        "user_handle": "/rjanardhan",
        "tweet_date": "Feb 5",
        "timestamp": "2023-02-05T08:15:09.000Z",
        "tweet_content": "Humare Customers ne 10000 Steps chalkar \n #KyaPeecheChhodaHai !\n\n #ContestAlert   #Contest \n #ABHIkaro \n  #AdityaBirlaHealthInsurance  \n \n\nJoin  \n \n \n \n \n \n",
        "replies": "",
        "retweets": "",
        "likes": "2",
        "app": "adityabirla"
    },
    {
        "search_link": "https://twitter.com/search?q=%23adityabirlahealthinsurance&src=typed_query&f=top",
        "user_name": "Mani Kumar",
        "user_handle": "/manikumar4144",
        "tweet_date": "Jul 28",
        "timestamp": "2023-07-28T16:56:15.000Z",
        "tweet_content": "1. Sirf Ek CLAIM kafi hai\n2. CLAIM of the Year\n3. CLAIM zinda hai\n4. CLAIM Singh\n\n #ABHIkaro \n  #AdityaBirlaHealthInsurance  \n \n\nJoin,\n \n \n \n \n \n \n \n \n",
        "replies": "",
        "retweets": "",
        "likes": "1",
        "app": "adityabirla"
    },
    {
        "search_link": "https://twitter.com/search?q=%23adityabirlahealthinsurance&src=typed_query&f=top",
        "user_name": "Debsena Dey",
        "user_handle": "/DeyDebsena",
        "tweet_date": "Feb 5",
        "timestamp": "2023-02-05T06:52:05.000Z",
        "tweet_content": "Ans :-   #KyaPeecheChhodaHai  \nWord :- Peeche \n\n #ABHIkaro    #AdityaBirlaHealthInsurance  \n #ContestAlert   \n \n \n \n \n",
        "replies": "",
        "retweets": "",
        "likes": "1",
        "app": "adityabirla"
    },
    {
        "search_link": "https://twitter.com/search?q=%23adityabirlahealthinsurance&src=typed_query&f=top",
        "user_name": "Deepanjali Deshmukh",
        "user_handle": "/dipanjalii",
        "tweet_date": "Jan 19",
        "timestamp": "2023-01-19T07:20:58.000Z",
        "tweet_content": "As a doctor i am shocked at this behaviour and harrassment by so called health insurance companies. Please tell me what is correlation of age related bone changes and CABG  #fraud    #adityabirlahealthinsurance         ",
        "replies": "1",
        "retweets": "",
        "likes": "1",
        "app": "adityabirla"
    },
    {
        "search_link": "https://twitter.com/search?q=%23adityabirlahealthinsurance&src=typed_query&f=top",
        "user_name": "Deepadhan",
        "user_handle": "/Deepaadhan3",
        "tweet_date": "Feb 5",
        "timestamp": "2023-02-05T07:50:22.000Z",
        "tweet_content": "#KyaPeecheChhodaHai  \nMissing word Peeche  #ContestAlert   #ABHIkaro    #AdityaBirlaHealthInsurance    #10KSteps                        ",
        "replies": "",
        "retweets": "",
        "likes": "3",
        "app": "adityabirla"
    },
    {
        "search_link": "https://twitter.com/search?q=%23adityabirlahealthinsurance&src=typed_query&f=top",
        "user_name": "Gomathi Nayagam",
        "user_handle": "/GomathiNayaga19",
        "tweet_date": "Feb 25",
        "timestamp": "2023-02-25T07:42:31.000Z",
        "tweet_content": "#adityabirlahealthinsurance   Just because you have my contact number don’t harass me with promo calls and feedback requirement calls!  #IRDAI",
        "replies": "1",
        "retweets": "",
        "likes": "1",
        "app": "adityabirla"
    },
    {
        "search_link": "https://twitter.com/search?q=%23adityabirlahealthinsurance&src=typed_query&f=top",
        "user_name": "Lakshya",
        "user_handle": "/Lakshya95130845",
        "tweet_date": "Aug 15",
        "timestamp": "2023-08-15T14:39:22.000Z",
        "tweet_content": "Worst experience of health insurance\nAditya Birla health insurance is the worst company of health insurance.\nIt doesn't provide any help during emergency just take the money and don't give any service is the policy.\n  #Adityabirlahealthinsurance  \n #insurance \n #Health \n #adityabirla",
        "replies": "",
        "retweets": "",
        "likes": "",
        "app": "adityabirla"
    },
    {
        "search_link": "https://twitter.com/search?q=%23adityabirlahealthinsurance&src=typed_query&f=top",
        "user_name": "DAVINDER SINGH RANA",
        "user_handle": "/DSRana1275",
        "tweet_date": "Feb 6",
        "timestamp": "2023-02-06T05:13:31.000Z",
        "tweet_content": "#KyaPeecheChhodaHai   Word - Peeche \n\n #ABHIkaro    #AdityaBirlaHealthInsurance  \n \n \nTags\n    ",
        "replies": "",
        "retweets": "",
        "likes": "1",
        "app": "adityabirla"
    },
    {
        "search_link": "https://twitter.com/search?q=%23adityabirlahealthinsurance&src=typed_query&f=top",
        "user_name": "Divya Kaushal",
        "user_handle": "/KDivya18740584",
        "tweet_date": "Feb 6",
        "timestamp": "2023-02-06T07:16:38.000Z",
        "tweet_content": "Answer:   #KyaPeecheChhodaHai \n\nWord: Peeche \n\n #ABHIkaro    #AdityaBirlaHealthInsurance    #ContestAlert \n  \nTag       @jaipurikudi       @ParmarJay121 ",
        "replies": "",
        "retweets": "",
        "likes": "1",
        "app": "adityabirla"
    },
    {
        "search_link": "https://twitter.com/search?q=%23adityabirlahealthinsurance&src=typed_query&f=top",
        "user_name": "Kajol Saxena",
        "user_handle": "/KajolSaxena7",
        "tweet_date": "May 28",
        "timestamp": "2023-05-28T10:19:18.000Z",
        "tweet_content": "It's Health Insurance, i have been putting off for tomorrow but i should get it now  \n #ABHIkaro    #AdityaBirlaHealthInsurance     \n\nJoin\n\n@imnitinambekar   ",
        "replies": "",
        "retweets": "",
        "likes": "",
        "app": "adityabirla"
    },
    {
        "search_link": "https://twitter.com/search?q=%23adityabirlahealthinsurance&src=typed_query&f=top",
        "user_name": "Himani Patidar",
        "user_handle": "/HimaniP123",
        "tweet_date": "Feb 5",
        "timestamp": "2023-02-05T08:11:14.000Z",
        "tweet_content": "Answer:   #KyaPeecheChhodaHai \n\nWord: Peeche \n\n #ABHIkaro    #AdityaBirlaHealthInsurance  \n #ContestAlert \n  \nTags\n \n \n",
        "replies": "",
        "retweets": "",
        "likes": "3",
        "app": "adityabirla"
    },
    {
        "search_link": "https://twitter.com/search?q=%23adityabirlahealthinsurance&src=typed_query&f=top",
        "user_name": "Rawhul Tripathy ",
        "user_handle": "/Raw_hotstepper",
        "tweet_date": "Feb 5",
        "timestamp": "2023-02-05T06:28:25.000Z",
        "tweet_content": "Humare customers ne 10000 steps chalkar  #KyaPEECHEChodaHai   \n\nWord - PEECHE \n\n #ABHIKaro    #adityabirlahealthinsurance    #10ksteps \n. \n@abchealthinsurance\n\nI NOMINATE TO FOLLOW & PARTICIPATE:-\n\n \n \n \n \n \n",
        "replies": "",
        "retweets": "",
        "likes": "2",
        "app": "adityabirla"
    },
    {
        "search_link": "https://twitter.com/search?q=%23adityabirlahealthinsurance&src=typed_query&f=top",
        "user_name": "Anant Jaitapkar Official ",
        "user_handle": "/AnantJaitapkar5",
        "tweet_date": "Apr 29",
        "timestamp": "2023-04-29T12:08:54.000Z",
        "tweet_content": "Insure your health and get benefits like cashless claims, claim settlements, pre-hospitalization benefits, and more with Aditya Birla Health Insurance. Get in touch with me to get your health insurance today!  \n    #AdityaBirlaHealthInsurance    #India",
        "replies": "",
        "retweets": "",
        "likes": "",
        "app": "adityabirla"
    },
    {
        "search_link": "https://twitter.com/search?q=%23adityabirlahealthinsurance&src=typed_query&f=top",
        "user_name": "Priyanka Maheshwari",
        "user_handle": "/itsPriynkaM",
        "tweet_date": "Feb 5",
        "timestamp": "2023-02-05T08:02:35.000Z",
        "tweet_content": "Humare customers ne 10000 steps chalkar  #KyaPEECHEChodaHai   \n\nWord - PEECHE \n\n #ABHIKaro    #adityabirlahealthinsurance    #10ksteps \n \n \n   \n  ",
        "replies": "",
        "retweets": "",
        "likes": "3",
        "app": "adityabirla"
    },
    {
        "search_link": "https://twitter.com/search?q=%23adityabirlahealthinsurance&src=typed_query&f=top",
        "user_name": "#ContestMeraPehlapyar",
        "user_handle": "/jomila_khatun_9",
        "tweet_date": "Feb 5",
        "timestamp": "2023-02-05T06:10:46.000Z",
        "tweet_content": "Humare customers ne 10000 steps chalkar \n #KyaPeecheChhodaHai  .\n\n #ABHIkaro \n  #AdityaBirlaHealthInsurance  \n    ",
        "replies": "",
        "retweets": "",
        "likes": "1",
        "app": "adityabirla"
    },
    {
        "search_link": "https://twitter.com/search?q=%23adityabirlahealthinsurance&src=typed_query&f=top",
        "user_name": "Mitali Chopra",
        "user_handle": "/MitaliChopra17",
        "tweet_date": "Jul 27",
        "timestamp": "2023-07-27T09:40:12.000Z",
        "tweet_content": "Hi, this is an urgent help & information to the higher authorities that aftr giving cashless approval   #adityabirlahealthinsurance   has suddenly refused to approve it for no reason. Nobody at the call is listening and my brother is at the hospital bed  #rakeshb_singh   #hiamitpurohit",
        "replies": "3",
        "retweets": "2",
        "likes": "1",
        "app": "adityabirla"
    },
    {
        "search_link": "https://twitter.com/search?q=%23adityabirlahealthinsurance&src=typed_query&f=top",
        "user_name": "Mostlysane",
        "user_handle": "/AvanParihar",
        "tweet_date": "Feb 5",
        "timestamp": "2023-02-05T12:09:21.000Z",
        "tweet_content": "Humare customers ne 10000 steps chalkar \n #KyaPeecheChhodaHai \n #ABHIkaro \n  #AdityaBirlaHealthInsurance  \n #ContestAlert \n  \nJoin         ",
        "replies": "",
        "retweets": "",
        "likes": "2",
        "app": "adityabirla"
    },
    {
        "search_link": "https://twitter.com/search?q=%23adityabirlahealthinsurance&src=typed_query&f=top",
        "user_name": "Hetal Satra",
        "user_handle": "/Hetal_17",
        "tweet_date": "Feb 6",
        "timestamp": "2023-02-06T11:17:05.000Z",
        "tweet_content": "Humare customers ne 10000 steps chalkar  #KyaPEECHEChodaHai \nWord :- PEECHE\n #ABHIKaro    #adityabirlahealthinsurance    #10ksteps \n  \nJoin Friends \n \n \n \n \n",
        "replies": "",
        "retweets": "1",
        "likes": "3",
        "app": "adityabirla"
    },
    {
        "search_link": "https://twitter.com/search?q=%23adityabirlahealthinsurance&src=typed_query&f=top",
        "user_name": "Goutam Dutta ( Pran )",
        "user_handle": "/JasoosShow",
        "tweet_date": "Feb 5",
        "timestamp": "2023-02-05T06:22:08.000Z",
        "tweet_content": "Ans :-   #KyaPeecheChhodaHai  \nWord :- Peeche \n\n #ABHIkaro    #AdityaBirlaHealthInsurance  \n #ContestAlert   \nJoin\n \n \n",
        "replies": "",
        "retweets": "",
        "likes": "1",
        "app": "adityabirla"
    },
    {
        "search_link": "https://twitter.com/search?q=%23adityabirlahealthinsurance&src=typed_query&f=top",
        "user_name": "ABC - Aditya Birla Health Insurance",
        "user_handle": "/abhealthin",
        "tweet_date": "Aug 17",
        "timestamp": "2023-08-17T12:37:18.000Z",
        "tweet_content": "Care for your safety a little more in the season of monsoon (and otherwise too)\nGet complete protection with the Activ Secure - Personal Accident Plan and let us empower your health journey.\n \nKhud ko protect  #ABHIkaro \n  #AdityaBirlaHealthInsurance    #Monsoon",
        "replies": "2",
        "retweets": "1",
        "likes": "4",
        "app": "adityabirla"
    },
    {
        "search_link": "https://twitter.com/search?q=%23adityabirlahealthinsurance&src=typed_query&f=top",
        "user_name": "NISHANT NAAGAR",
        "user_handle": "/NISHANTNAAGAR13",
        "tweet_date": "Feb 9",
        "timestamp": "2023-02-09T11:24:00.000Z",
        "tweet_content": "#AdityaBirlaHealthInsurance  \n\nDelay in claim settlement-\nI am facing delay claim settlement issue since last 2 month.\nI have submit all documents but still no update at all.\nPolicy no 21-22-1682298-00\nClaim no INW202110468304\nThanks\nNishant\n9643581159",
        "replies": "",
        "retweets": "",
        "likes": "2",
        "app": "adityabirla"
    },
    {
        "search_link": "https://twitter.com/search?q=%23adityabirlahealthinsurance&src=typed_query&f=top",
        "user_name": "monika panwar",
        "user_handle": "/mnkpnwr7",
        "tweet_date": "Aug 19",
        "timestamp": "2023-08-19T11:28:42.000Z",
        "tweet_content": "#AdityaBirlaCapital    #AdityaBirlaHealthInsurance    #AdityaBirlaGrp    @abccapiltal",
        "replies": "",
        "retweets": "",
        "likes": "",
        "app": "adityabirla"
    },
    {
        "search_link": "https://twitter.com/search?q=%23adityabirlahealthinsurance&src=typed_query&f=top",
        "user_name": "ABC - Aditya Birla Health Insurance",
        "user_handle": "/abhealthin",
        "tweet_date": "Aug 14",
        "timestamp": "2023-08-14T13:02:56.000Z",
        "tweet_content": "In our recent  #KyaPeecheChhodaHai , we had Naval Kishore Sinha who revitalized his life with ABHI by walking 10K steps daily & leaving behind his BP.\n\nHis dedication is truly inspiring and we expect more uplifting narratives in the future!\n\n  #AdityaBirlaHealthInsurance    #ABHIkaro",
        "replies": "1",
        "retweets": "1",
        "likes": "5",
        "app": "adityabirla"
    },
    {
        "search_link": "https://twitter.com/search?q=%23adityabirlahealthinsurance&src=typed_query&f=top",
        "user_name": "Jayshree_Shah",
        "user_handle": "/Jayshre30180167",
        "tweet_date": "May 29",
        "timestamp": "2023-05-29T05:10:20.000Z",
        "tweet_content": "Setting screentime limit for social media (Yaar yeh reels khatam hi nahi hoti)  #ABHIKaro    #AdityaBirlaHealthInsurance    #Contest \n  \nLiked , Shared & Following   \nJoin\n \n \n",
        "replies": "",
        "retweets": "1",
        "likes": "1",
        "app": "adityabirla"
    },
    {
        "search_link": "https://twitter.com/search?q=%23adityabirlahealthinsurance&src=typed_query&f=top",
        "user_name": "Krrishna",
        "user_handle": "/Krrishna_08",
        "tweet_date": "Feb 5",
        "timestamp": "2023-02-05T06:37:52.000Z",
        "tweet_content": " Humare Customers ne 10.000 STEPS Chalkar  #KyaPeecheChhodaHai \n #ABHIkaro    #AdityaBirlaHealthInsurance  \n #ContestAlert   \n \n Join-\n \n \n \n \n \n",
        "replies": "",
        "retweets": "",
        "likes": "1",
        "app": "adityabirla"
    },
    {
        "search_link": "https://twitter.com/search?q=%23adityabirlahealthinsurance&src=typed_query&f=top",
        "user_name": "BWIndia",
        "user_handle": "/BWIndia",
        "tweet_date": "Aug 4",
        "timestamp": "2023-08-04T08:53:35.000Z",
        "tweet_content": "Get the Fitness Insurance Plan on  \n #BajajFinserv   #Fitness   #InsurancePlan    #AdityaBirlaHealthInsurance  \n",
        "replies": "",
        "retweets": "",
        "likes": "",
        "app": "adityabirla"
    },
    {
        "search_link": "https://twitter.com/search?q=%23adityabirlahealthinsurance&src=typed_query&f=top",
        "user_name": "Deepak Jadhav",
        "user_handle": "/dipakjad_1993",
        "tweet_date": "Feb 26",
        "timestamp": "2023-02-26T06:12:55.000Z",
        "tweet_content": "Done more than 10k steps finally \n #10KStepsChallenge \n #ContestAlert   #ABHIkaro    #AdityaBirlaHealthInsurance    #InstagramContest \n \nJoin\n \n \n \n \n \n \n \n",
        "replies": "",
        "retweets": "",
        "likes": "2",
        "app": "adityabirla"
    },
    {
        "search_link": "https://twitter.com/search?q=%23adityabirlahealthinsurance&src=typed_query&f=top",
        "user_name": "Khushnaaz",
        "user_handle": "/Khushnaaz26",
        "tweet_date": "May 28",
        "timestamp": "2023-05-28T11:28:59.000Z",
        "tweet_content": "Will take ABC health insurance now!!\n\n \n \n \n \n \n #ABHIkaro    #AdityaBirlaHealthInsurance    #Contest  ",
        "replies": "",
        "retweets": "",
        "likes": "2",
        "app": "adityabirla"
    },
    {
        "search_link": "https://twitter.com/search?q=%23adityabirlahealthinsurance&src=typed_query&f=top",
        "user_name": "Rishi Kumar",
        "user_handle": "/Cool_rishi02",
        "tweet_date": "Feb 9",
        "timestamp": "2023-02-09T10:19:07.000Z",
        "tweet_content": "Humare customers ne 10K steps chalkar \n #KyaPEECHEChodaHai \n #ABHIkaro    #AdityaBirlaHealthInsurance    #ContestAlert    \n\nJoin Friends  \n        ",
        "replies": "",
        "retweets": "",
        "likes": "1",
        "app": "adityabirla"
    },
    {
        "search_link": "https://twitter.com/search?q=%23adityabirlahealthinsurance&src=typed_query&f=top",
        "user_name": "ABC - Aditya Birla Health Insurance",
        "user_handle": "/abhealthin",
        "tweet_date": "Aug 17",
        "timestamp": "2023-08-17T14:20:40.000Z",
        "tweet_content": "A healthy separation that's worth celebrating  \n  #AdityaBirlaHealthInsurance    #ISRO   #Chandrayan3",
        "replies": "",
        "retweets": "1",
        "likes": "3",
        "app": "adityabirla"
    },
    {
        "search_link": "https://twitter.com/search?q=%23adityabirlahealthinsurance&src=typed_query&f=top",
        "user_name": "Sakshi Ahuja",
        "user_handle": "/AhujaSakshi13",
        "tweet_date": "Feb 6",
        "timestamp": "2023-02-05T19:36:30.000Z",
        "tweet_content": "Word - PEECHE\nHumare customers ne 10000 steps chalkar  #KyaPEECHEChodaHai \n #ABHIKaro    #adityabirlahealthinsurance    #10ksteps \n \nJoin\n \n \n \n \n \n \n \n \n",
        "replies": "",
        "retweets": "",
        "likes": "2",
        "app": "adityabirla"
    },
    {
        "search_link": "https://twitter.com/search?q=%23adityabirlahealthinsurance&src=typed_query&f=top",
        "user_name": "Madhuri Talwar",
        "user_handle": "/madhuritalwar13",
        "tweet_date": "Feb 5",
        "timestamp": "2023-02-05T12:12:51.000Z",
        "tweet_content": "Ans)   #KyaPeecheChhodaHai \n #ABHIkaro    #AdityaBirlaHealthInsurance  \n #ContestAlert   #10KSteps \n   \n\nJoin & Win:\n           \n   \n\nFollowing you on all platforms",
        "replies": "",
        "retweets": "",
        "likes": "2",
        "app": "adityabirla"
    },
    {
        "search_link": "https://twitter.com/search?q=%23adityabirlahealthinsurance&src=typed_query&f=top",
        "user_name": "Bibliophile",
        "user_handle": "/Bookworm_24",
        "tweet_date": "Feb 5",
        "timestamp": "2023-02-05T07:40:53.000Z",
        "tweet_content": "Word - Peeche ( #KyaPeecheChhodaHai )\n\nStatement - Humare Customers ne 10,000 STEPS Chalkar  #KyaPeecheChhodaHai \n #ABHIkaro \n  #AdityaBirlaHealthInsurance  \n #ContestAlert   \n  Tag-\n@geek_kanya\n \n \n \n",
        "replies": "",
        "retweets": "",
        "likes": "2",
        "app": "adityabirla"
    },
    {
        "search_link": "https://twitter.com/search?q=%23adityabirlahealthinsurance&src=typed_query&f=top",
        "user_name": "M Yadav",
        "user_handle": "/Lightofdayz",
        "tweet_date": "Feb 5",
        "timestamp": "2023-02-05T08:02:53.000Z",
        "tweet_content": "Ans.  #KyaPeecheChhodaHai \n\nHumare Customers ne 10,000 STEPS Chalkar  #KyaPeecheChhodaHai \n #ABHIkaro   #ContestAlert   \n  #AdityaBirlaHealthInsurance   \n  Tag- \n \n   \n  ",
        "replies": "",
        "retweets": "",
        "likes": "2",
        "app": "adityabirla"
    },
    {
        "search_link": "https://twitter.com/search?q=%23adityabirlahealthinsurance&src=typed_query&f=top",
        "user_name": "Dr. Avinash Ranjan",
        "user_handle": "/15RanjanDr",
        "tweet_date": "Mar 2",
        "timestamp": "2023-03-02T13:27:05.000Z",
        "tweet_content": "Aditya Birla helath insurance the worst insurance any one can faith my reimbursement claim got rejected without any proper confirmation even they didn’t visit to me or my treating doctor for query and they cancelled by own .    #AdityaBirlaHealthInsurance    #adityabirlagrp",
        "replies": "5",
        "retweets": "1",
        "likes": "3",
        "app": "adityabirla"
    },
    {
        "search_link": "https://twitter.com/search?q=%23adityabirlahealthinsurance&src=typed_query&f=top",
        "user_name": "ABC - Aditya Birla Health Insurance",
        "user_handle": "/abhealthin",
        "tweet_date": "Aug 12",
        "timestamp": "2023-08-12T05:12:38.000Z",
        "tweet_content": "Drive through the uncertain paths of life with the safety of Activ Secure - Personal Accident cover and enjoy every season of life stress-free  \n\nKhud ko protect  #ABHIkaro \n\nClick the link to know more:  \n  #AdityaBirlaHealthInsurance    #Monsoon",
        "replies": "1",
        "retweets": "",
        "likes": "4",
        "app": "adityabirla"
    },
    {
        "search_link": "https://twitter.com/search?q=%23adityabirlahealthinsurance&src=typed_query&f=top",
        "user_name": "ABC - Aditya Birla Health Insurance",
        "user_handle": "/abhealthin",
        "tweet_date": "Aug 10",
        "timestamp": "2023-08-10T10:57:12.000Z",
        "tweet_content": "Don’t just install another app. Instead, install a health partner.\n\nDownload the Activ Health App - Your health partner that’s just a tap away!\n\n #ActivHealthApp  ke saath, achhi health download  #ABHIkaro \n\nLink:  \n #Health    #AdityaBirlaHealthInsurance",
        "replies": "",
        "retweets": "2",
        "likes": "3",
        "app": "adityabirla"
    },
    {
        "search_link": "https://twitter.com/search?q=%23adityabirlahealthinsurance&src=typed_query&f=top",
        "user_name": "Ponreegan",
        "user_handle": "/PonreeganG",
        "tweet_date": "Jan 19",
        "timestamp": "2023-01-19T08:49:34.000Z",
        "tweet_content": "#AdityaBirlaHealthInsurance  \n  December 29th, my father claim was denied. As no response from customer care, after escalation to GRO grievance, why did you send policy cancelation notice without any investigation?",
        "replies": "2",
        "retweets": "",
        "likes": "",
        "app": "adityabirla"
    },
    {
        "search_link": "https://twitter.com/search?q=%23adityabirlahealthinsurance&src=typed_query&f=top",
        "user_name": "Aditya Birla Capital",
        "user_handle": "/abcapital",
        "tweet_date": "Jan 27",
        "timestamp": "2023-01-27T11:30:32.000Z",
        "tweet_content": "An industry-first marketing campaign by   –  #KyaPeecheChhodaHai  – where the customers of   #AdityaBirlaHealthInsurance   share their real life transformation stories of leaving behind their health worries by walking 10,000 steps daily. \n\n #10KSteps   #HealthReturns   #ABHIkaro",
        "replies": "8",
        "retweets": "4",
        "likes": "3",
        "app": "adityabirla"
    }
]