[
    {
        "search_link": "https://twitter.com/search?q=%23carehealthfraud&src=typed_query&f=top",
        "user_name": "sAcHiN sHaH",
        "user_handle": "/sachinfuria",
        "tweet_date": "May 11, 2022",
        "timestamp": "2022-05-11T11:21:29.000Z",
        "tweet_content": "Now why these case are re-opened?\n\nYous guys had came to conclusions that \"as per terms and conditions....\" and all that unexpected answers...\n\nYou guys are a pure fraud health insurance company!\n\n #careinsurancefraud    #carehealthfraud",
        "replies": "",
        "retweets": "",
        "likes": "1",
        "app": "carehealthfraud"
    },
    {
        "search_link": "https://twitter.com/search?q=%23carehealthfraud&src=typed_query&f=top",
        "user_name": "sAcHiN sHaH",
        "user_handle": "/sachinfuria",
        "tweet_date": "Apr 26, 2022",
        "timestamp": "2022-04-26T17:50:38.000Z",
        "tweet_content": "11 March - emailed complaint to Greviance\n\n19 April - twitter complaint\n\n26 April (Today) - still   #carehealthfraud   team working to resolve and reply",
        "replies": "1",
        "retweets": "",
        "likes": "",
        "app": "carehealthfraud"
    }
]