[
    {
        "search_link": "https://twitter.com/search?q=%23careinsurancefraud&src=typed_query&f=top",
        "user_name": "uday chauhan",
        "user_handle": "/udaychauhan3511",
        "tweet_date": "Dec 3, 2022",
        "timestamp": "2022-12-03T14:18:32.000Z",
        "tweet_content": "       #careinsurancefraud    pls look on this we are stuck in very dirty situation it is not a small amount..",
        "replies": "1",
        "retweets": "1",
        "likes": "2",
        "app": "IRDA"
    },
    {
        "search_link": "https://twitter.com/search?q=%23careinsurancefraud&src=typed_query&f=top",
        "user_name": "rahul singh",
        "user_handle": "/rahulsingh4ut",
        "tweet_date": "Jan 7",
        "timestamp": "2023-01-07T07:32:21.000Z",
        "tweet_content": "#fraudcareinsurance    #careinsurancefraud",
        "replies": "1",
        "retweets": "",
        "likes": "",
        "app": "IRDA"
    },
    {
        "search_link": "https://twitter.com/search?q=%23careinsurancefraud&src=typed_query&f=top",
        "user_name": "nks_mumbai_89",
        "user_handle": "/nks_mumbai_89",
        "tweet_date": "Feb 13",
        "timestamp": "2023-02-13T15:01:10.000Z",
        "tweet_content": "  #insurancefraud    #careinsurancefraud    #healthinsurancefraud \n\nI am still waiting for the response since more than a month. Whats your TAT for responding customer complaints. You took money,issued renewed policy and than cancel the issued policy without intimation",
        "replies": "1",
        "retweets": "",
        "likes": "",
        "app": "IRDA"
    },
    {
        "search_link": "https://twitter.com/search?q=%23careinsurancefraud&src=typed_query&f=top",
        "user_name": "sAcHiN sHaH",
        "user_handle": "/sachinfuria",
        "tweet_date": "May 11, 2022",
        "timestamp": "2022-05-11T11:21:29.000Z",
        "tweet_content": "Now why these case are re-opened?\n\nYous guys had came to conclusions that \"as per terms and conditions....\" and all that unexpected answers...\n\nYou guys are a pure fraud health insurance company!\n\n  #careinsurancefraud    #carehealthfraud",
        "replies": "",
        "retweets": "",
        "likes": "1",
        "app": "IRDA"
    },
    {
        "search_link": "https://twitter.com/search?q=%23careinsurancefraud&src=typed_query&f=top",
        "user_name": "Rajesh Agrawal",
        "user_handle": "/rush4rajesh",
        "tweet_date": "Jan 22",
        "timestamp": "2023-01-21T19:02:10.000Z",
        "tweet_content": "Nothing to worry about after giving entire documents the company will reject the claim stating admission was not justified as it happened with me. Worst in claim settlement and customer care. Will suggest 2 switch 2 other company   #CareInsuranceFraud     ",
        "replies": "",
        "retweets": "",
        "likes": "",
        "app": "IRDA"
    },
    {
        "search_link": "https://twitter.com/search?q=%23careinsurancefraud&src=typed_query&f=top",
        "user_name": "Rahul Arora",
        "user_handle": "/RahulArora09",
        "tweet_date": "May 6, 2022",
        "timestamp": "2022-05-06T01:57:20.000Z",
        "tweet_content": "This is only in name CARE, otherwise it's just simply a negligence or   #careinsurancefraud   where truth & real facts meaningless and only company care about it's own money.\nNo response, no claim settlement, nothing...",
        "replies": "1",
        "retweets": "",
        "likes": "",
        "app": "IRDA"
    },
    {
        "search_link": "https://twitter.com/search?q=%23careinsurancefraud&src=typed_query&f=top",
        "user_name": "DIPTI RAY",
        "user_handle": "/soultowhole",
        "tweet_date": "Dec 3, 2020",
        "timestamp": "2020-12-03T13:58:59.000Z",
        "tweet_content": "     Big fraud you all are. Your customer care gives wrong information and loots people. Shame on you. Thanks to you I am stranded in hospital since 11am.  #religarefraud    #careinsurancefraud",
        "replies": "",
        "retweets": "",
        "likes": "",
        "app": "IRDA"
    },
    {
        "search_link": "https://twitter.com/search?q=%23careinsurancefraud&src=typed_query&f=top",
        "user_name": "Manas Mittra",
        "user_handle": "/ManasMittra",
        "tweet_date": "Jan 18",
        "timestamp": "2023-01-17T20:25:33.000Z",
        "tweet_content": "It is a fraud company.. Worst in claim....\nSupport   #CareInsuranceFraud",
        "replies": "1",
        "retweets": "",
        "likes": "1",
        "app": "IRDA"
    },
    {
        "search_link": "https://twitter.com/search?q=%23careinsurancefraud&src=typed_query&f=top",
        "user_name": "Manas Mittra",
        "user_handle": "/ManasMittra",
        "tweet_date": "Jan 18",
        "timestamp": "2023-01-17T20:26:52.000Z",
        "tweet_content": "Support   #CareInsuranceFraud",
        "replies": "",
        "retweets": "",
        "likes": "1",
        "app": "IRDA"
    },
    {
        "search_link": "https://twitter.com/search?q=%23careinsurancefraud&src=typed_query&f=top",
        "user_name": "Sachin Saxena",
        "user_handle": "/Saachins1",
        "tweet_date": "Apr 23, 2022",
        "timestamp": "2022-04-22T20:00:02.000Z",
        "tweet_content": "#careinsurancefraud",
        "replies": "",
        "retweets": "",
        "likes": "",
        "app": "IRDA"
    },
    null,
    {
        "search_link": "https://twitter.com/search?q=%23careinsurancefraud&src=typed_query&f=top",
        "user_name": "Hridesh Sachdeva",
        "user_handle": "/HRIDESH21",
        "tweet_date": "Feb 12",
        "timestamp": "2023-02-12T14:56:53.000Z",
        "tweet_content": "IRDA Complaint Token number –01-23-015553 & care resolution token No. E0010975329     these are the token numbers issued months ago but nobody took any follow up.   #careinsurancefraud    #irdai   #irda   #uselessirda",
        "replies": "",
        "retweets": "",
        "likes": "",
        "app": "IRDA"
    },
    {
        "search_link": "https://twitter.com/search?q=%23careinsurancefraud&src=typed_query&f=top",
        "user_name": "sAcHiN sHaH",
        "user_handle": "/sachinfuria",
        "tweet_date": "May 5, 2022",
        "timestamp": "2022-05-05T09:41:31.000Z",
        "tweet_content": "Why have you copies and pasted the same reply which you guys posted 6days back even after sharing you the screenshot of the email sent to Greviance team.\n\nWhy you guys act like dumb?\n\n  #careinsurancefraud",
        "replies": "",
        "retweets": "",
        "likes": "",
        "app": "IRDA"
    },
    {
        "search_link": "https://twitter.com/search?q=%23careinsurancefraud&src=typed_query&f=top",
        "user_name": "Rajesh Agrawal",
        "user_handle": "/rush4rajesh",
        "tweet_date": "Jan 20",
        "timestamp": "2023-01-20T06:46:36.000Z",
        "tweet_content": "#CareInsuranceFraud",
        "replies": "",
        "retweets": "",
        "likes": "",
        "app": "IRDA"
    },
    {
        "search_link": "https://twitter.com/search?q=%23careinsurancefraud&src=typed_query&f=top",
        "user_name": "Sachin Saxena",
        "user_handle": "/Saachins1",
        "tweet_date": "Apr 23, 2022",
        "timestamp": "2022-04-22T20:00:17.000Z",
        "tweet_content": "#careinsurancefraud",
        "replies": "",
        "retweets": "",
        "likes": "",
        "app": "IRDA"
    },
    {
        "search_link": "https://twitter.com/search?q=%23careinsurancefraud&src=typed_query&f=top",
        "user_name": "Yash Kumar",
        "user_handle": "/Yash85ku",
        "tweet_date": "Feb 14, 2022",
        "timestamp": "2022-02-14T10:22:20.000Z",
        "tweet_content": "#careinsurancefraud  \n #careinsuranceboycott \n #careinsurancecustomerharrasment",
        "replies": "",
        "retweets": "",
        "likes": "",
        "app": "IRDA"
    }
]