[
    {
        "search_link": "https://twitter.com/search?q=%23cholaMS&src=typed_query&f=top",
        "user_name": "Brigadier Hardeep Singh Sohi,Shaurya Chakra",
        "user_handle": "/Hardisohi",
        "tweet_date": "Jan 4",
        "timestamp": "2023-01-04T07:47:05.000Z",
        "tweet_content": "#cholams  ..shame on you.",
        "replies": "",
        "retweets": "1",
        "likes": "1",
        "app": "cholaMS"
    },
    {
        "search_link": "https://twitter.com/search?q=%23cholaMS&src=typed_query&f=top",
        "user_name": "Chola MS G.I. Co Ltd",
        "user_handle": "/CholaMS",
        "tweet_date": "14h",
        "timestamp": "2023-08-22T03:30:06.000Z",
        "tweet_content": "Happy Madras Day!\n\nToday take some time out and go through the history of Chennai, a city with such rich art, architecture, music and heritage. \n\n  #CholaMS    #MadrasDay   #StayInsured   #StayProtected",
        "replies": "",
        "retweets": "",
        "likes": "3",
        "app": "cholaMS"
    },
    null,
    {
        "search_link": "https://twitter.com/search?q=%23cholaMS&src=typed_query&f=top",
        "user_name": "beinglogical",
        "user_handle": "/NeerajChimnani",
        "tweet_date": "Jul 22",
        "timestamp": "2023-07-22T07:18:28.000Z",
        "tweet_content": "3. Owner calls the Insurance company to complain and they don't hav any details in system if the claim is rejected or approved. \n\nThis is how   #cholams   insurance works.\n",
        "replies": "1",
        "retweets": "",
        "likes": "",
        "app": "cholaMS"
    },
    {
        "search_link": "https://twitter.com/search?q=%23cholaMS&src=typed_query&f=top",
        "user_name": "stock market update",
        "user_handle": "/Goalplaner1576",
        "tweet_date": "Jun 24",
        "timestamp": "2023-06-23T18:55:47.000Z",
        "tweet_content": "For the first claim the surveyor came to us for a settlement he did not talk or give us any update regarding my claim.\nNOW I HAVE A NEW CLAIM APPOINTED THE SAME SURVEYOR ASKING ME SILLY QUESTION AND ESCAPES TO GIVE CLAIM TO DAMAGED TO CAR  #insurancebroker   #policybazzar    #cholams",
        "replies": "",
        "retweets": "2",
        "likes": "1",
        "app": "cholaMS"
    },
    {
        "search_link": "https://twitter.com/search?q=%23cholaMS&src=typed_query&f=top",
        "user_name": "Digital harsh",
        "user_handle": "/digitalharsh143",
        "tweet_date": "May 23",
        "timestamp": "2023-05-23T05:39:12.000Z",
        "tweet_content": "They are making false commitments and not processing my refund. It is the worst customer service I have faced and this clearly shows their intension of not giving customers' money with this type of fraud.     #cholams",
        "replies": "3",
        "retweets": "",
        "likes": "1",
        "app": "cholaMS"
    },
    {
        "search_link": "https://twitter.com/search?q=%23cholaMS&src=typed_query&f=top",
        "user_name": "Sharma",
        "user_handle": "/Sharmadev1812",
        "tweet_date": "Feb 17",
        "timestamp": "2023-02-17T11:01:04.000Z",
        "tweet_content": "   #CholaMs    #Finance",
        "replies": "",
        "retweets": "",
        "likes": "1",
        "app": "cholaMS"
    },
    {
        "search_link": "https://twitter.com/search?q=%23cholaMS&src=typed_query&f=top",
        "user_name": "Sumitra Devi",
        "user_handle": "/Sumitra_BL",
        "tweet_date": "Jan 24",
        "timestamp": "2023-01-24T03:31:18.000Z",
        "tweet_content": "न्याय के इंतजार में उन्नीसवां दिन।\nDay - 19   #CholaMS    #AU_Bank \n   \n  ",
        "replies": "",
        "retweets": "3",
        "likes": "3",
        "app": "cholaMS"
    },
    {
        "search_link": "https://twitter.com/search?q=%23cholaMS&src=typed_query&f=top",
        "user_name": "Sumitra Devi",
        "user_handle": "/Sumitra_BL",
        "tweet_date": "Jan 23",
        "timestamp": "2023-01-23T03:39:02.000Z",
        "tweet_content": "न्याय के इंतजार में अठारह दिन।\nDay - 18   #CholaMS    #AU_Bank \n   \n  ",
        "replies": "",
        "retweets": "2",
        "likes": "3",
        "app": "cholaMS"
    },
    {
        "search_link": "https://twitter.com/search?q=%23cholaMS&src=typed_query&f=top",
        "user_name": "mangesharth@yahoo.com",
        "user_handle": "/mangesharth",
        "tweet_date": "Jul 30",
        "timestamp": "2023-07-29T18:33:52.000Z",
        "tweet_content": "Hello I am farmer in bhandara district tahsil tumsar village hasara, there is problem in processing crop insurance, my name is not showing in system, my brother who is owner in other land his name showing in system. I went to krushi adhikari office but they are helpless   #cholaMs",
        "replies": "1",
        "retweets": "",
        "likes": "",
        "app": "cholaMS"
    },
    {
        "search_link": "https://twitter.com/search?q=%23cholaMS&src=typed_query&f=top",
        "user_name": "Mukesh",
        "user_handle": "/Krishna50833769",
        "tweet_date": "Jul 25",
        "timestamp": "2023-07-25T10:54:02.000Z",
        "tweet_content": " tum log response toh karte nahi nd 2k payment increase kar diya hadd hein.pls atleast short out customer problems first.   #CholaMS     #CholaMS    #insurance   #loans",
        "replies": "",
        "retweets": "",
        "likes": "",
        "app": "cholaMS"
    },
    {
        "search_link": "https://twitter.com/search?q=%23cholaMS&src=typed_query&f=top",
        "user_name": "karishma shaik",
        "user_handle": "/karishma1809",
        "tweet_date": "Feb 4",
        "timestamp": "2023-02-04T10:58:51.000Z",
        "tweet_content": "When You Are About To Buy Car Insurance Online For The First Time | Chola Ms\n #carinsurance   #carinsuranceonline   #insurance   #autoinsurance   #OnlineInsurance    #CholaMS    #insurancepolicy   #insurancecompany   #ComprehensiveInsurance     \n",
        "replies": "",
        "retweets": "4",
        "likes": "4",
        "app": "cholaMS"
    },
    {
        "search_link": "https://twitter.com/search?q=%23cholaMS&src=typed_query&f=top",
        "user_name": "Rohit Shrivastava",
        "user_handle": "/RohitSh76368577",
        "tweet_date": "Feb 23",
        "timestamp": "2023-02-23T12:27:02.000Z",
        "tweet_content": "#cholaMs   the survey is happening today that is 14 after of   Accident and god knows how much more I’d have to wait. Your process  #sucks  entirely and I’d never take insurance from your company. #pathetic  service",
        "replies": "1",
        "retweets": "",
        "likes": "1",
        "app": "cholaMS"
    },
    {
        "search_link": "https://twitter.com/search?q=%23cholaMS&src=typed_query&f=top",
        "user_name": "Mohd Salman Ahmad",
        "user_handle": "/MohdSalmanAhma2",
        "tweet_date": "Feb 10",
        "timestamp": "2023-02-10T16:45:13.000Z",
        "tweet_content": "#cholams    #stayprotected   #stayinsured   #staysecured",
        "replies": "",
        "retweets": "",
        "likes": "1",
        "app": "cholaMS"
    },
    {
        "search_link": "https://twitter.com/search?q=%23cholaMS&src=typed_query&f=top",
        "user_name": "SocialPanga",
        "user_handle": "/socialpanga",
        "tweet_date": "Jun 23",
        "timestamp": "2023-06-23T10:54:39.000Z",
        "tweet_content": "Our mafias bring it home with the  #SimpleHai  campaign for  \n #SocialPanga    #CholaMS    #Insurance   #SimpleHai   #MarketingMafias   #Mafias   #AgencyWork",
        "replies": "",
        "retweets": "1",
        "likes": "1",
        "app": "cholaMS"
    },
    {
        "search_link": "https://twitter.com/search?q=%23cholaMS&src=typed_query&f=top",
        "user_name": "Unnikrishnan G",
        "user_handle": "/ukg165",
        "tweet_date": "Feb 13",
        "timestamp": "2023-02-13T13:47:11.000Z",
        "tweet_content": "  #CholaMShealth  \nThe patient is my wife and all required supporting documents and clarifications have been submitted long before and I think   #CholaMS   is not serious.\nIf this is your attitude, I have decided not to renew the policy with you and will definitely be porting",
        "replies": "",
        "retweets": "",
        "likes": "",
        "app": "cholaMS"
    },
    {
        "search_link": "https://twitter.com/search?q=%23cholaMS&src=typed_query&f=top",
        "user_name": "Suraj Diwakar",
        "user_handle": "/theSurajDiwakar",
        "tweet_date": "Jan 2",
        "timestamp": "2023-01-02T12:39:31.000Z",
        "tweet_content": " seriously guys? You loot people with 250₹ for only statement after completion of loan???? Grow up and think little wide, You carge 250 for some 3-4 pages Printout!! Amazing I'll never use your services again,  #cholamandalam    #cholaMS    #Finance   #loans   #loan",
        "replies": "1",
        "retweets": "1",
        "likes": "",
        "app": "cholaMS"
    },
    {
        "search_link": "https://twitter.com/search?q=%23cholaMS&src=typed_query&f=top",
        "user_name": "Chola MS G.I. Co Ltd",
        "user_handle": "/CholaMS",
        "tweet_date": "Aug 15",
        "timestamp": "2023-08-15T05:38:22.000Z",
        "tweet_content": "Hoist a flag to show your love for the nation, raise a flag to put your love into action!\n\n  #CholaMS    #StayProtected   #StayInsured   #independenceday",
        "replies": "1",
        "retweets": "",
        "likes": "3",
        "app": "cholaMS"
    },
    {
        "search_link": "https://twitter.com/search?q=%23cholaMS&src=typed_query&f=top",
        "user_name": "பசுமை விகடன்",
        "user_handle": "/PasumaiVikatan",
        "tweet_date": "May 6",
        "timestamp": "2023-05-06T10:09:37.000Z",
        "tweet_content": "`செயற்கை நுண்ணறிவு மூலம் விரைவாக வழங்கப்படும் இழப்பீடு' - சோழா எம்.எஸ் நிர்வாக இயக்குனர்  #AI   #Insurance    #CholaMS",
        "replies": "",
        "retweets": "2",
        "likes": "4",
        "app": "cholaMS"
    },
    {
        "search_link": "https://twitter.com/search?q=%23cholaMS&src=typed_query&f=top",
        "user_name": "Truecaller for Business",
        "user_handle": "/BizTruecaller",
        "tweet_date": "Jul 7",
        "timestamp": "2023-07-07T10:53:46.000Z",
        "tweet_content": " partners with   for Business to ensure trusted and verified business communication.  \n\nBid farewell to fraudulent calls, as you can now effortlessly recognise genuine calls from  . \n  #CholaMS    #truecaller   #truecallerforbusiness   #verifiedbusiness …  Show more",
        "replies": "",
        "retweets": "",
        "likes": "1",
        "app": "cholaMS"
    },
    {
        "search_link": "https://twitter.com/search?q=%23cholaMS&src=typed_query&f=top",
        "user_name": "Sudipta",
        "user_handle": "/MaaTariniI64042",
        "tweet_date": "Jun 22",
        "timestamp": "2023-06-22T11:43:42.000Z",
        "tweet_content": "I an from jajpur and mr. Santosh your agent is from rayagada. He issued my policy over phone, i replied what he asked, he just issued me the insurance. When it comes to approval for claim, he started giving excuses that he has done by mistakely but i am suffering.  #fraud    #cholams",
        "replies": "1",
        "retweets": "",
        "likes": "",
        "app": "cholaMS"
    },
    {
        "search_link": "https://twitter.com/search?q=%23cholaMS&src=typed_query&f=top",
        "user_name": "The Hindu Business",
        "user_handle": "/thehindubiz",
        "tweet_date": "May 5",
        "timestamp": "2023-05-05T07:07:42.000Z",
        "tweet_content": "#CholaMS   continues to soar, reports 27.6% growth in 22-23",
        "replies": "",
        "retweets": "",
        "likes": "1",
        "app": "cholaMS"
    },
    {
        "search_link": "https://twitter.com/search?q=%23cholaMS&src=typed_query&f=top",
        "user_name": "The Hindu Business",
        "user_handle": "/thehindubiz",
        "tweet_date": "May 5",
        "timestamp": "2023-05-05T04:45:06.000Z",
        "tweet_content": "Cholamandalam MS General Insurance Co. Ltd. (  #CholaMS  ) profit before tax and net profit for the year ended March has more than doubled to ₹264 crore and ₹200 crore respectively following strong growth in fire, motor and health business.",
        "replies": "",
        "retweets": "",
        "likes": "",
        "app": "cholaMS"
    },
    {
        "search_link": "https://twitter.com/search?q=%23cholaMS&src=typed_query&f=top",
        "user_name": "Tamil The Hindu",
        "user_handle": "/TamilTheHindu",
        "tweet_date": "May 5",
        "timestamp": "2023-05-05T02:43:41.000Z",
        "tweet_content": "சோழா எம்எஸ் 27% வளர்ச்சி\n\n #India  |   #CholaMS   |  #Business",
        "replies": "",
        "retweets": "1",
        "likes": "2",
        "app": "cholaMS"
    },
    {
        "search_link": "https://twitter.com/search?q=%23cholaMS&src=typed_query&f=top",
        "user_name": "Sudipta",
        "user_handle": "/MaaTariniI64042",
        "tweet_date": "Jun 25",
        "timestamp": "2023-06-25T12:05:39.000Z",
        "tweet_content": "Same happened with me. Their staff issued wrong insurance and for that i did not get approval. They know about the issue still they are not responding at all. They all are fraud. Never ever buy insurance from   #cholams   their official all are  #fraud   #irdai  please save me  #Cheaters",
        "replies": "1",
        "retweets": "",
        "likes": "1",
        "app": "cholaMS"
    },
    {
        "search_link": "https://twitter.com/search?q=%23cholaMS&src=typed_query&f=top",
        "user_name": "Sudipta",
        "user_handle": "/MaaTariniI64042",
        "tweet_date": "Jun 24",
        "timestamp": "2023-06-24T06:22:48.000Z",
        "tweet_content": "They are just fraud. I am suffering because their staff made mistake while issuing policy and now their claim team did not give approval because of ncb but they are not ready to accept their staff's mistake. They use to find ways to deny your claim.  #fraud    #cholams    #irdai",
        "replies": "",
        "retweets": "",
        "likes": "1",
        "app": "cholaMS"
    }
]