[
    {
        "search_link": "https://twitter.com/search?q=%23Hdfcergo&src=typed_query&f=top",
        "user_name": "HareePatti",
        "user_handle": "/HareePatti",
        "tweet_date": "Aug 21",
        "timestamp": "2023-08-21T05:00:00.000Z",
        "tweet_content": "Health Insurance Decoded Under a Minute ⇨ HDFC ERGO Energy Plan  \n    #hdfcergo    #HealthInsurance   #Hareepatti",
        "replies": "",
        "retweets": "",
        "likes": "",
        "app": "HDFC"
    },
    {
        "search_link": "https://twitter.com/search?q=%23Hdfcergo&src=typed_query&f=top",
        "user_name": "Arpit Saxena",
        "user_handle": "/ArpitSaxena90",
        "tweet_date": "Aug 20",
        "timestamp": "2023-08-20T04:59:04.000Z",
        "tweet_content": "It's very bad on   insurance company that the customer has to call their executives multiple times & beg for their approvals even in case of a genuine accident case.. Still they don't approve of it all..  #WorstExperience    #HDFCERGO    #CarInsurance",
        "replies": "2",
        "retweets": "",
        "likes": "",
        "app": "HDFC"
    },
    null,
    {
        "search_link": "https://twitter.com/search?q=%23Hdfcergo&src=typed_query&f=top",
        "user_name": "Vikram",
        "user_handle": "/vkaile",
        "tweet_date": "Aug 17",
        "timestamp": "2023-08-17T06:27:46.000Z",
        "tweet_content": "Hdfc ergo one of the worst for taking insurance,  better to avoid them  #hdfclife    #hdfcergo    #hdfc",
        "replies": "",
        "retweets": "1",
        "likes": "",
        "app": "HDFC"
    },
    {
        "search_link": "https://twitter.com/search?q=%23Hdfcergo&src=typed_query&f=top",
        "user_name": "poojasingh",
        "user_handle": "/poojasingh081",
        "tweet_date": "Aug 13",
        "timestamp": "2023-08-13T03:53:57.000Z",
        "tweet_content": "Something must be changed from a regulatory standpoint.\nAs much as this post is to put out my frustration, I wanted to highlight to everyone that “BEWARE OF INSURANCE COMPANIES”.\n #Insurance   #Insurancefraud    #Hdfcergo    #Irdai   #healthinsurance   #health   #Hdfc   #hdfclife",
        "replies": "1",
        "retweets": "1",
        "likes": "1",
        "app": "HDFC"
    },
    {
        "search_link": "https://twitter.com/search?q=%23Hdfcergo&src=typed_query&f=top",
        "user_name": "Devarajan S Star Health",
        "user_handle": "/licdevarajan",
        "tweet_date": "Aug 19",
        "timestamp": "2023-08-19T01:20:28.000Z",
        "tweet_content": "for Ur Car/Two Wheeler insurance Renewal, U can Call  S. Devarajan 098401 77017\n #carinsurance   #TwoWheelerInsurance   #carinsurancerenewal   #twowheelerinsurancerenewal   #motorinsurance   #MotorInsurancePolicy   #renewalservices    #hdfcergo    #UnitedIndia \n #thirdpartyinsurance",
        "replies": "1",
        "retweets": "",
        "likes": "",
        "app": "HDFC"
    },
    {
        "search_link": "https://twitter.com/search?q=%23Hdfcergo&src=typed_query&f=top",
        "user_name": "SG Imports",
        "user_handle": "/sgimport",
        "tweet_date": "Aug 16",
        "timestamp": "2023-08-16T08:16:17.000Z",
        "tweet_content": "Never buy HDFC ERGO insurance their executives are incompetent & negligent in their profession. I have taken vehicle insurance it was my biggest mistake. Even after repeated reminders nothing is happening.   #hdfcergo    #HDFCCEO   #HDFCBANK    #HDFCERGO",
        "replies": "",
        "retweets": "1",
        "likes": "",
        "app": "HDFC"
    },
    {
        "search_link": "https://twitter.com/search?q=%23Hdfcergo&src=typed_query&f=top",
        "user_name": "Reine Lobo",
        "user_handle": "/reine_lobo",
        "tweet_date": "Aug 14",
        "timestamp": "2023-08-14T08:53:09.000Z",
        "tweet_content": "#HDFCERGO   if this is the quality of care you'll provide for something minor as rectifying the proposal form then what would you do for settling one's claims?? ",
        "replies": "1",
        "retweets": "",
        "likes": "",
        "app": "HDFC"
    },
    {
        "search_link": "https://twitter.com/search?q=%23Hdfcergo&src=typed_query&f=top",
        "user_name": "HDFC ERGO GIC",
        "user_handle": "/HDFCERGOGIC",
        "tweet_date": "Aug 19",
        "timestamp": "2023-08-19T02:30:00.000Z",
        "tweet_content": "मधुमक्खियों की रक्षा करना हमारी प्राकृतिक प्रणाली की रक्षा करना है। वह हमारे किसानों की फसल के लिएजीवनरेखा हैं। इस विश्व मधुमक्खी दिवस, आइए किसानों के मेहनती मित्र, मधुमक्खियों का महत्व समझते  है।\n \n #WorldBeeDay   #PMFBY   #AtmanirbharKisan   #PMFBY4farmers   #Kharif2023    #HDFCERGO",
        "replies": "",
        "retweets": "",
        "likes": "7",
        "app": "HDFC"
    },
    {
        "search_link": "https://twitter.com/search?q=%23Hdfcergo&src=typed_query&f=top",
        "user_name": "HDFC ERGO GIC",
        "user_handle": "/HDFCERGOGIC",
        "tweet_date": "8h",
        "timestamp": "2023-08-22T09:32:04.000Z",
        "tweet_content": "Here’s a golden opportunity for 8th & 9th grade students across India!\nShow off your insurance savviness at the   #HDFCERGO    #InsuranceQuiz  - Junior and pave the way for your future . Exciting prizes to be won. \nRegister now:  \n #HauslonKiUdaan   #SoarToSuccess",
        "replies": "1",
        "retweets": "1",
        "likes": "",
        "app": "HDFC"
    },
    {
        "search_link": "https://twitter.com/search?q=%23Hdfcergo&src=typed_query&f=top",
        "user_name": "Tv9 Gujarati",
        "user_handle": "/tv9gujarati",
        "tweet_date": "7h",
        "timestamp": "2023-08-22T10:02:23.000Z",
        "tweet_content": "કેમ જરૂરી છે સાયબર સિક્યોરિટી ઇન્સ્યોરન્સ?\n\n #CybersecurityInsurance   #Insurance    #HDFCErgo    #CyberBullying   #CyberStalking   #Onlineshopping",
        "replies": "",
        "retweets": "",
        "likes": "3",
        "app": "HDFC"
    },
    {
        "search_link": "https://twitter.com/search?q=%23Hdfcergo&src=typed_query&f=top",
        "user_name": "HDFC ERGO GIC",
        "user_handle": "/HDFCERGOGIC",
        "tweet_date": "Aug 18",
        "timestamp": "2023-08-18T13:27:12.000Z",
        "tweet_content": "We're on the lookout for India's next insurance champ!\n\nEncourage 8th and 9th graders who are smart in and out of the classroom, to test their brilliance at our unique quiz \n \nRegister now:  \n #HauslonKiUdaan   #SoarToSuccess    #HDFCERGO    #InsuranceQuiz2023",
        "replies": "1",
        "retweets": "",
        "likes": "4",
        "app": "HDFC"
    }
]