[
    {
        "search_link": "https://twitter.com/search?q=%23IRDA&src=typed_query&f=top",
        "user_name": "CA Rahul Goyal",
        "user_handle": "/rahul_g_goyal",
        "tweet_date": "Aug 16",
        "timestamp": "2023-08-16T14:05:25.000Z",
        "tweet_content": "I don’t know why    keep calling even after the policy is renewed with some other company\nWhy do I need to inform you about renewals with some other Insurer\nShouldn’t IRDA intervene & make some rules wrt selling policies & harassing policy holder\n\n  #IRDA    #Insurance",
        "replies": "1",
        "retweets": "",
        "likes": "",
        "app": "IRDA"
    },
    {
        "search_link": "https://twitter.com/search?q=%23IRDA&src=typed_query&f=top",
        "user_name": "MR S.R.PAL C.A.I.I.B & EX- BANKER",
        "user_handle": "/BandanaMrs",
        "tweet_date": "Aug 12",
        "timestamp": "2023-08-12T14:03:33.000Z",
        "tweet_content": "WHY    #ICICI  PRUDENTIAL LIFE INSURANCE  CO UNDER SCANNER OF     #IRDA   DOING  UNFAIR TRADE PRACTICE & CHEATING CUSTOMERS & ALWAYS  REJECT ALL  INSURANCE CLAIMS & PUPPET & BOGUS INSURANCE REGULATORY AUTHORITY IS SUPPORTING THEM?   ",
        "replies": "",
        "retweets": "1",
        "likes": "",
        "app": "IRDA"
    },
    null,
    {
        "search_link": "https://twitter.com/search?q=%23IRDA&src=typed_query&f=top",
        "user_name": "Aman kesharwani",
        "user_handle": "/amankesh",
        "tweet_date": "Aug 20",
        "timestamp": "2023-08-19T20:08:12.000Z",
        "tweet_content": "This is the only step just to show they are very much concern with customer issues.!! Its been 2 week still my claim is partially settled.!  This is what insurance company claim to settle claim.!!  #fake   #Cheaters   #policybazaar    #irda    #bajajallianz",
        "replies": "1",
        "retweets": "1",
        "likes": "",
        "app": "IRDA"
    },
    {
        "search_link": "https://twitter.com/search?q=%23IRDA&src=typed_query&f=top",
        "user_name": "Advocate Vipul Agarwal",
        "user_handle": "/AdvocateVipul1",
        "tweet_date": "Aug 21",
        "timestamp": "2023-08-21T12:47:39.000Z",
        "tweet_content": "Our insurance company cheats on us and doesn't even give the policy they gave us.\nGET AN APPOINTMENT NOW 9286666660\n #insurance   #fraud   #cheated    #irda    #court   #policestation   #law   #justice   #fightforright   #crime   #Advocate   #bestlawyers   #lawfirminindia   #advocatevipulagarwal   #meerut",
        "replies": "",
        "retweets": "",
        "likes": "",
        "app": "IRDA"
    },
    {
        "search_link": "https://twitter.com/search?q=%23IRDA&src=typed_query&f=top",
        "user_name": "Pratap Vikram",
        "user_handle": "/Vikraghuvanshi",
        "tweet_date": "Aug 13",
        "timestamp": "2023-08-13T07:39:08.000Z",
        "tweet_content": "#IRDA   Insurance sector is still unorganised and against customers. I raised voice against wrong doing of  , they are not renewing now! What  #ethics   #Tataaig  follow? If customer claim or raise voice, deny his policy? \n #NoToTataAIG \n \n \n",
        "replies": "2",
        "retweets": "",
        "likes": "",
        "app": "IRDA"
    },
    {
        "search_link": "https://twitter.com/search?q=%23IRDA&src=typed_query&f=top",
        "user_name": "AI Stockspro",
        "user_handle": "/AkashN59126391",
        "tweet_date": "Aug 19",
        "timestamp": "2023-08-19T01:47:29.000Z",
        "tweet_content": "100% fraud compny   #IRDA   ",
        "replies": "",
        "retweets": "",
        "likes": "",
        "app": "IRDA"
    },
    {
        "search_link": "https://twitter.com/search?q=%23IRDA&src=typed_query&f=top",
        "user_name": "Madhan Raj J ",
        "user_handle": "/jmadhanraj",
        "tweet_date": "Aug 19",
        "timestamp": "2023-08-19T03:52:43.000Z",
        "tweet_content": " has been paining me for renewal of my  #healthinsurance  one month ahead of the renewal date with SMS, automated calls and email.  #icicilombard  what is the benefit you are giving me if I pay the renewal premium early.   #IRDA",
        "replies": "1",
        "retweets": "",
        "likes": "",
        "app": "IRDA"
    },
    {
        "search_link": "https://twitter.com/search?q=%23IRDA&src=typed_query&f=top",
        "user_name": "Ambarish Giliyar",
        "user_handle": "/iAmGiliyar",
        "tweet_date": "Aug 16",
        "timestamp": "2023-08-16T03:02:12.000Z",
        "tweet_content": "#Provayer  - provider-led payer model? Narayana Health group has sought a license from   #IRDA   for a  #healthinsurance  business.    #IndiaHealthcare   #Healthcare   #NarayanaOneHealth",
        "replies": "",
        "retweets": "",
        "likes": "",
        "app": "IRDA"
    },
    {
        "search_link": "https://twitter.com/search?q=%23IRDA&src=typed_query&f=top",
        "user_name": "Raghu Mohan Reddy",
        "user_handle": "/RaghuVanteru",
        "tweet_date": "Aug 17",
        "timestamp": "2023-08-17T05:50:39.000Z",
        "tweet_content": "Dear  , there seems to be a process deviation and mal practice at Star Health!! Unfortunately we have paid the insurance amount twice more than actual and it's been more than 3months and the excessive amount has not been refunded yet.   #irda    #fraud   #malpractise",
        "replies": "1",
        "retweets": "",
        "likes": "",
        "app": "IRDA"
    },
    {
        "search_link": "https://twitter.com/search?q=%23IRDA&src=typed_query&f=top",
        "user_name": "Sudha Khandelwal",
        "user_handle": "/sudhakhandelwal",
        "tweet_date": "Aug 15",
        "timestamp": "2023-08-15T16:47:36.000Z",
        "tweet_content": "Very important to take care of these points, revisit your health insurance if you have taken long back or planning to take - \nRoom rents and other capping in healthcare insurance   via  \n #HealthInsurance   #insurance \n  #irda",
        "replies": "",
        "retweets": "",
        "likes": "1",
        "app": "IRDA"
    },
    {
        "search_link": "https://twitter.com/search?q=%23IRDA&src=typed_query&f=top",
        "user_name": "Elettronica TECH",
        "user_handle": "/ElettTech",
        "tweet_date": "Aug 17",
        "timestamp": "2023-08-17T15:00:11.000Z",
        "tweet_content": "Galgo Electronics annuncia che la sua rappresentata   ha ampliato la sua gamma di schede  #Click  per connettività  #wireless  con la   #IrDA   4 Click \n\nLeggi la notizia completa  e registrati su  #ElettronicaTECH  per non perdere tutti gli aggiornamenti!",
        "replies": "",
        "retweets": "",
        "likes": "",
        "app": "IRDA"
    }
]