[
    {
        "search_link": "https://twitter.com/search?q=%23IRDA%20%23Insurance&src=typed_query&f=top",
        "user_name": "CA Rahul Goyal",
        "user_handle": "/rahul_g_goyal",
        "tweet_date": "Aug 16",
        "timestamp": "2023-08-16T14:05:25.000Z",
        "tweet_content": "I don’t know why    keep calling even after the policy is renewed with some other company\nWhy do I need to inform you about renewals with some other Insurer\nShouldn’t IRDA intervene & make some rules wrt selling policies & harassing policy holder\n\n  #IRDA     #Insurance",
        "replies": "1",
        "retweets": "",
        "likes": "",
        "app": "IRDA"
    },
    {
        "search_link": "https://twitter.com/search?q=%23IRDA%20%23Insurance&src=typed_query&f=top",
        "user_name": "Advocate Vipul Agarwal",
        "user_handle": "/AdvocateVipul1",
        "tweet_date": "Aug 21",
        "timestamp": "2023-08-21T12:47:39.000Z",
        "tweet_content": "Our insurance company cheats on us and doesn't even give the policy they gave us.\nGET AN APPOINTMENT NOW 9286666660\n  #insurance    #fraud   #cheated    #irda    #court   #policestation   #law   #justice   #fightforright   #crime   #Advocate   #bestlawyers   #lawfirminindia   #advocatevipulagarwal   #meerut",
        "replies": "",
        "retweets": "",
        "likes": "",
        "app": "IRDA"
    },
    {
        "search_link": "https://twitter.com/search?q=%23IRDA%20%23Insurance&src=typed_query&f=top",
        "user_name": "Ashish Sinha",
        "user_handle": "/AshishSinhaWall",
        "tweet_date": "22h",
        "timestamp": "2023-08-21T18:19:23.000Z",
        "tweet_content": " must answer this. It's your responsibility to check whether it's an old disease or not. If it's purchased in 2020 then 3 years existing disease lock period is over now which should be considered too.\n  #insurance     #irda",
        "replies": "1",
        "retweets": "",
        "likes": "",
        "app": "IRDA"
    },
    {
        "search_link": "https://twitter.com/search?q=%23IRDA%20%23Insurance&src=typed_query&f=top",
        "user_name": "Sree Vijaya",
        "user_handle": "/sreevijaya23",
        "tweet_date": "Oct 5, 2018",
        "timestamp": "2018-10-05T12:19:17.000Z",
        "tweet_content": "Reliance Health Insurance\n\n  #IRDA    #PaisaQuiz   #Quiz   #contest   #poll   #TwitterPolls   #weeklyquiz   #paisabazaar   #personalfinance    #insurance    #amazon   #AmazonVouchers \n\nJoin in\n   \n  @Jayantg1717 \n  @prahast_S \n  ",
        "replies": "",
        "retweets": "5",
        "likes": "6",
        "app": "IRDA"
    },
    {
        "search_link": "https://twitter.com/search?q=%23IRDA%20%23Insurance&src=typed_query&f=top",
        "user_name": "Insurance Brokers Association of India - IBAI",
        "user_handle": "/ibai_in",
        "tweet_date": "Feb 13, 2021",
        "timestamp": "2021-02-13T03:58:26.000Z",
        "tweet_content": "Cyber threat to your personal data is as real as theft of your precious jewels. Here’s an insight on cyber liability insurance for people with a digital presence.  #cybersecurity   #data   #personal   #liability   #IBAI    #insurance     #IRDA",
        "replies": "",
        "retweets": "4",
        "likes": "7",
        "app": "IRDA"
    },
    {
        "search_link": "https://twitter.com/search?q=%23IRDA%20%23Insurance&src=typed_query&f=top",
        "user_name": "Aditi Mehrotra",
        "user_handle": "/aditimehrotra29",
        "tweet_date": "Aug 23, 2021",
        "timestamp": "2021-08-23T17:22:42.000Z",
        "tweet_content": "Need to  #strictly   #monitor    #insurance    #Companies   #claim   #settlement   #procedure  followed by   #insurance   companies, they r  #deducting   #huge   #amount  for d  #COVID19   #treatment  where d  #Government   #fixedup  d  #nominal   #charges  4 treatment   #irda       ",
        "replies": "",
        "retweets": "1",
        "likes": "5",
        "app": "IRDA"
    },
    {
        "search_link": "https://twitter.com/search?q=%23IRDA%20%23Insurance&src=typed_query&f=top",
        "user_name": "GaRJa",
        "user_handle": "/gautam93790765",
        "tweet_date": "Jul 30, 2022",
        "timestamp": "2022-07-30T06:28:48.000Z",
        "tweet_content": "No, it was not cashless,it was debited\nThen hospitalisation bills were denied and paid in part\nAnd finally domiciliary treatment was partly paid.\nYou sell policy to poor citizen for 5 lac, additional coverage of 50 lac,never settle claims   #insurance     #irda    #hospitalisation   #health",
        "replies": "1",
        "retweets": "2",
        "likes": "1",
        "app": "IRDA"
    },
    {
        "search_link": "https://twitter.com/search?q=%23IRDA%20%23Insurance&src=typed_query&f=top",
        "user_name": "SIDHESH",
        "user_handle": "/sidheshv",
        "tweet_date": "Nov 10, 2022",
        "timestamp": "2022-11-10T15:21:05.000Z",
        "tweet_content": "I was told that this arrest is due to   #insurance     #irda   but thats not true . \n\nI specially informed my hospital that I would pay without insurance dand claim back from insurance later . and even that took them 6 hrs to settle the bills after the doctor announced discharge .",
        "replies": "",
        "retweets": "1",
        "likes": "1",
        "app": "IRDA"
    },
    {
        "search_link": "https://twitter.com/search?q=%23IRDA%20%23Insurance&src=typed_query&f=top",
        "user_name": "JohnnyWalker",
        "user_handle": "/Sailor_at_heart",
        "tweet_date": "Nov 27, 2022",
        "timestamp": "2022-11-27T08:43:43.000Z",
        "tweet_content": "There are no rules or guidelines by   #IRDA   (Insurance Regulator in  #India ) for insurance or mediclaim requirement for  #SCI . 95% of the people do not get life   #insurance   or  #mediclaim  benefit after SCI even if they are willing too or afford the premium amount.",
        "replies": "",
        "retweets": "4",
        "likes": "3",
        "app": "IRDA"
    },
    {
        "search_link": "https://twitter.com/search?q=%23IRDA%20%23Insurance&src=typed_query&f=top",
        "user_name": "Policy Genie",
        "user_handle": "/CAMSRepgenie",
        "tweet_date": "Aug 10, 2018",
        "timestamp": "2018-08-10T13:38:37.000Z",
        "tweet_content": "Add your Insurance policies to CAMS PolicyGenie and know each of your policies payout day from a single dashboard\n \n #CAMSRep    #irda     #insurance    #insurancepolicy",
        "replies": "",
        "retweets": "2",
        "likes": "4",
        "app": "IRDA"
    },
    {
        "search_link": "https://twitter.com/search?q=%23IRDA%20%23Insurance&src=typed_query&f=top",
        "user_name": "Vijay Kumar Gaba",
        "user_handle": "/IndInitiatives",
        "tweet_date": "Nov 2, 2020",
        "timestamp": "2020-11-02T07:59:46.000Z",
        "tweet_content": "#IRDA   Chairman teaches investors how averages work. There are some who spend more than average and there are some who spend less than average. And there lies the opportunity. It has nothing to do with per capita income and surplus income.   #insurance",
        "replies": "1",
        "retweets": "",
        "likes": "1",
        "app": "IRDA"
    },
    {
        "search_link": "https://twitter.com/search?q=%23IRDA%20%23Insurance&src=typed_query&f=top",
        "user_name": "Urman Ali - عرمي",
        "user_handle": "/UrmanAlig",
        "tweet_date": "Oct 6, 2018",
        "timestamp": "2018-10-06T18:13:43.000Z",
        "tweet_content": "#Insurance   is most unorganised industry in  #NewIndia  under the leadership of   without any concrete policy, Insurance palyers using own strategy & tactics to grab market share.   #IRDA   \nCC.\n     \n \n",
        "replies": "",
        "retweets": "2",
        "likes": "4",
        "app": "IRDA"
    },
    {
        "search_link": "https://twitter.com/search?q=%23IRDA%20%23Insurance&src=typed_query&f=top",
        "user_name": "Pavitra Kumar",
        "user_handle": "/iPavitrakumar",
        "tweet_date": "May 3, 2022",
        "timestamp": "2022-05-03T08:45:51.000Z",
        "tweet_content": "There are big fraud happening on   #insurance    #policies    and     #IRDA   &  #healthinsurance    ",
        "replies": "",
        "retweets": "1",
        "likes": "",
        "app": "IRDA"
    },
    {
        "search_link": "https://twitter.com/search?q=%23IRDA%20%23Insurance&src=typed_query&f=top",
        "user_name": "InvestmentGurus",
        "user_handle": "/GurusInvestment",
        "tweet_date": "Jul 3, 2020",
        "timestamp": "2020-07-03T11:11:30.000Z",
        "tweet_content": "Big Zero to  #customerservice    #insurance    #lifeinsurance   #Maxlife   #bharosekanumber        #irda    #irdai    \n\nFirst I got my Policies reinstatement confirmations via authorized email & calls.\nAfter 2 days,   denied the communication.\n #Looters",
        "replies": "1",
        "retweets": "4",
        "likes": "5",
        "app": "IRDA"
    },
    {
        "search_link": "https://twitter.com/search?q=%23IRDA%20%23Insurance&src=typed_query&f=top",
        "user_name": "Sudha Khandelwal",
        "user_handle": "/sudhakhandelwal",
        "tweet_date": "Aug 15",
        "timestamp": "2023-08-15T16:47:36.000Z",
        "tweet_content": "Very important to take care of these points, revisit your health insurance if you have taken long back or planning to take - \nRoom rents and other capping in healthcare insurance   via  \n #HealthInsurance    #insurance  \n  #irda",
        "replies": "",
        "retweets": "",
        "likes": "1",
        "app": "IRDA"
    },
    {
        "search_link": "https://twitter.com/search?q=%23IRDA%20%23Insurance&src=typed_query&f=top",
        "user_name": "Anil Budur Lulla",
        "user_handle": "/anil_lulla",
        "tweet_date": "Nov 27, 2022",
        "timestamp": "2022-11-27T14:40:53.000Z",
        "tweet_content": "Has anyone bought vehicle insurance online? Pls send me your experience.   #insurance     #irda    #vehicles   #car   #bike   #Accidents   #ConsumerSpending",
        "replies": "20",
        "retweets": "3",
        "likes": "9",
        "app": "IRDA"
    },
    {
        "search_link": "https://twitter.com/search?q=%23IRDA%20%23Insurance&src=typed_query&f=top",
        "user_name": "Gaurav Kumar Bansal",
        "user_handle": "/AdvGauravKumar",
        "tweet_date": "Jun 16, 2020",
        "timestamp": "2020-06-16T05:27:16.000Z",
        "tweet_content": "Happy to inform all of your goodself that Honble Supreme Court has issued Notice to   #IRDA   & UNION HEALTH MINISTRY and has asked them to file Counter Affidavit on the steps taken by them to INCLUDE  #mentalillness  under   #insurance   policies...\n\n #MentalHealthMatters",
        "replies": "3",
        "retweets": "14",
        "likes": "22",
        "app": "IRDA"
    },
    {
        "search_link": "https://twitter.com/search?q=%23IRDA%20%23Insurance&src=typed_query&f=top",
        "user_name": "climate change",
        "user_handle": "/hardikpatelelec",
        "tweet_date": "Feb 16, 2022",
        "timestamp": "2022-02-16T06:20:48.000Z",
        "tweet_content": "#policybazzar  no salse after service in policy cancelled do not use the policy bazar insurance .....  #irda     #insurance    #insuranceoumusmount",
        "replies": "1",
        "retweets": "",
        "likes": "2",
        "app": "IRDA"
    },
    {
        "search_link": "https://twitter.com/search?q=%23IRDA%20%23Insurance&src=typed_query&f=top",
        "user_name": "Aprajita Sharma, CFPcm",
        "user_handle": "/apri_sharma",
        "tweet_date": "Oct 6, 2020",
        "timestamp": "2020-10-06T10:32:12.000Z",
        "tweet_content": "#IRDA   had put out an exposure draft on colour coding of health insurance policies yesterday night. It's no longer available on their website. Weird. Should anyone finds it, please share.   #insurance",
        "replies": "1",
        "retweets": "4",
        "likes": "4",
        "app": "IRDA"
    },
    {
        "search_link": "https://twitter.com/search?q=%23IRDA%20%23Insurance&src=typed_query&f=top",
        "user_name": "Rakesh Bhandari ",
        "user_handle": "/rakeshbhandari",
        "tweet_date": "Mar 28",
        "timestamp": "2023-03-28T03:07:40.000Z",
        "tweet_content": "New era of Insurance sector begin as with new norms. Insurance product is going to be cheaper and will have great penetration. Market size is going to be multifolds in coming years. Well done   #irda   !! Push to Pull journey started for   #insurance   product.   ",
        "replies": "5",
        "retweets": "2",
        "likes": "8",
        "app": "IRDA"
    },
    {
        "search_link": "https://twitter.com/search?q=%23IRDA%20%23Insurance&src=typed_query&f=top",
        "user_name": "riskwolf",
        "user_handle": "/riskwolf_ag",
        "tweet_date": "Nov 30, 2022",
        "timestamp": "2022-11-30T08:06:49.000Z",
        "tweet_content": "IRDAI is looking to make proactive efforts to increase insurance penetration and allow innovative insurance products and processes for a seamless customer experience.\n\nHead over to the article at  \n  #insurance    #fintech   #dataanalytics   #iot   #insurtech    #irda",
        "replies": "",
        "retweets": "2",
        "likes": "",
        "app": "IRDA"
    },
    {
        "search_link": "https://twitter.com/search?q=%23IRDA%20%23Insurance&src=typed_query&f=top",
        "user_name": "Shrinidhi Hande",
        "user_handle": "/enidhi",
        "tweet_date": "Nov 2, 2020",
        "timestamp": "2020-11-02T08:52:29.000Z",
        "tweet_content": "Paid 1732₹ for just 3rd party liability insurance for my bike, including a mandatory accident cover (to claim which I have to either die or be permanent handicap).. Insurance was 1400₹ in 2014 including own damage. Such a rip off n loot..   #irda     #insurance    #auto",
        "replies": "5",
        "retweets": "3",
        "likes": "20",
        "app": "IRDA"
    },
    {
        "search_link": "https://twitter.com/search?q=%23IRDA%20%23Insurance&src=typed_query&f=top",
        "user_name": "Zopper",
        "user_handle": "/Zopper_IN",
        "tweet_date": "Aug 9, 2022",
        "timestamp": "2022-08-09T12:36:32.000Z",
        "tweet_content": "Mayank Gupta, Co-founder and COO,  #Zopper  shares his views on the relaunch and impact of 'Bhima Bharosa', a revamped version of the grievance redressal mechanism by the Insurance Regulatory and Development Authority of India (  #IRDA  )\n\n  #Insurance    #Insurtech",
        "replies": "1",
        "retweets": "7",
        "likes": "9",
        "app": "IRDA"
    },
    {
        "search_link": "https://twitter.com/search?q=%23IRDA%20%23Insurance&src=typed_query&f=top",
        "user_name": "Om Prakash, MD",
        "user_handle": "/ompsychiatrist",
        "tweet_date": "May 19, 2019",
        "timestamp": "2019-05-19T09:44:50.000Z",
        "tweet_content": "Campaign  #InsuranceCoverToDementia :\n\nDo you think   #IRDA         give   #insurance   cover to  #Alzheimers   #dementia , a type of  #mentalillness   #MentalHealthCareAct  2017? If yes, please RT & demand\n\n #RememberThoseWhoForget \n #Alzheimer",
        "replies": "2",
        "retweets": "1",
        "likes": "4",
        "app": "IRDA"
    },
    {
        "search_link": "https://twitter.com/search?q=%23IRDA%20%23Insurance&src=typed_query&f=top",
        "user_name": "Sarfaraz- OilMan",
        "user_handle": "/beingFaraz80",
        "tweet_date": "Jul 11, 2020",
        "timestamp": "2020-07-11T11:57:36.000Z",
        "tweet_content": "Are you going to respond back to the calls or keep on hold..if you dont respond i will ask my credit card company to stop the payment. Or file for the resolution. Kindly refund the amount charged to me through fraudulent practices.  #maxbupa   #fraud   #health    #insurance     #IRDA    #IRDAI",
        "replies": "5",
        "retweets": "1",
        "likes": "1",
        "app": "IRDA"
    },
    {
        "search_link": "https://twitter.com/search?q=%23IRDA%20%23Insurance&src=typed_query&f=top",
        "user_name": "Piyush Puri",
        "user_handle": "/piyushpuri12",
        "tweet_date": "Oct 5, 2018",
        "timestamp": "2018-10-05T14:40:31.000Z",
        "tweet_content": "Reliance Health Insurance\n\n  #IRDA  \n #PaisaQuiz \n #Participate   #amazon \n #Quiz   #contest   #poll   #TwitterPolls   #weeklyquiz   #paisabazaar   #personalfinance    #insurance    #amazon   #AmazonVouchers  Join   @chandra_mani38       @Sharat1906   ",
        "replies": "",
        "retweets": "3",
        "likes": "5",
        "app": "IRDA"
    },
    {
        "search_link": "https://twitter.com/search?q=%23IRDA%20%23Insurance&src=typed_query&f=top",
        "user_name": "CA Harshit D. Shah",
        "user_handle": "/caharshitshah",
        "tweet_date": "Jan 20, 2019",
        "timestamp": "2019-01-20T17:30:36.000Z",
        "tweet_content": "#StarHealth    #Insurance     You are a complete fraud company!! Applying a sub-limit of Renal complication to a clear-cut case of Pancreatitis. Just having a Kidney history doesn't make every case a Renal complication. Pl reply, Intimation #0443734   #IRDA   ",
        "replies": "2",
        "retweets": "11",
        "likes": "4",
        "app": "IRDA"
    },
    {
        "search_link": "https://twitter.com/search?q=%23IRDA%20%23Insurance&src=typed_query&f=top",
        "user_name": "Rajwardhan Gawde",
        "user_handle": "/being_vakeel",
        "tweet_date": "Aug 23, 2020",
        "timestamp": "2020-08-23T17:32:05.000Z",
        "tweet_content": "Pollution Control Vertificate is now Mandatory for Renewal of Issurance policy. IRDA issued Circular. \n\n #India \n  #insurance  \n  #IRDA",
        "replies": "",
        "retweets": "2",
        "likes": "7",
        "app": "IRDA"
    },
    {
        "search_link": "https://twitter.com/search?q=%23IRDA%20%23Insurance&src=typed_query&f=top",
        "user_name": "George Mathew",
        "user_handle": "/GeorgeMathew500",
        "tweet_date": "Jul 29, 2019",
        "timestamp": "2019-07-29T03:25:41.000Z",
        "tweet_content": "#insurance     #IRDA      #lifeinsurance \n          \nLIC listing back on agenda, as govt looks to give disinvestment a boost",
        "replies": "",
        "retweets": "3",
        "likes": "2",
        "app": "IRDA"
    },
    {
        "search_link": "https://twitter.com/search?q=%23IRDA%20%23Insurance&src=typed_query&f=top",
        "user_name": "Sunny Karira",
        "user_handle": "/sunnykarira",
        "tweet_date": "Jun 15, 2021",
        "timestamp": "2021-06-15T17:42:07.000Z",
        "tweet_content": "#policybazaarchorhai   #money   #india    #irda     #insurance  \nWhere is my policy?Y u sold me an invalid policy?  \nWhat kind of cheating is this?\nGive me my money!\nIts been a very long time,u r only wasting time\nGst fraud also.payment by me, gst bill to UIIC. Still Policy Invalid!",
        "replies": "1",
        "retweets": "1",
        "likes": "1",
        "app": "IRDA"
    },
    {
        "search_link": "https://twitter.com/search?q=%23IRDA%20%23Insurance&src=typed_query&f=top",
        "user_name": "Rakesh Dwivedi",
        "user_handle": "/iRakeshDwivedi",
        "tweet_date": "Jul 3, 2020",
        "timestamp": "2020-07-03T16:06:38.000Z",
        "tweet_content": "#Maxbupa  Everyone watch my video before buying MAXBUPA policy for urself or for ur family\n\n \n\n @MaxBupa \n #Lifeinsurance \n  #iNSURANCE  \n #Mediclaim \n  #IRDA  \n               #delhi   #india",
        "replies": "",
        "retweets": "1",
        "likes": "3",
        "app": "IRDA"
    },
    {
        "search_link": "https://twitter.com/search?q=%23IRDA%20%23Insurance&src=typed_query&f=top",
        "user_name": "UN",
        "user_handle": "/UshaNirmala",
        "tweet_date": "Jan 27, 2020",
        "timestamp": "2020-01-27T11:14:13.000Z",
        "tweet_content": "#India : Interesting changes to health   #Insurance   policies are being brought by   #IRDA  . \n\nYou can now add family & friends as a non homogenous group in a policy to claim discount & bargains. A popular option in European countries... Policy holders will gain...",
        "replies": "3",
        "retweets": "31",
        "likes": "70",
        "app": "IRDA"
    },
    {
        "search_link": "https://twitter.com/search?q=%23IRDA%20%23Insurance&src=typed_query&f=top",
        "user_name": "Anil Kapoor",
        "user_handle": "/anilkapoor60",
        "tweet_date": "Nov 19, 2020",
        "timestamp": "2020-11-19T07:03:22.000Z",
        "tweet_content": "New  #YouTube  video out now\n\nHow To Invest Money Safely in India || Role of  #RBI   #SEBI    #IRDA  \n\nChannel -  #LifeUnlimiteddVlog \n #Like   #Share   #Subscribe \n #Finance \n #investing \n #financialplanning \n #savings \n #banking \n  #insurance  \n #mutualfunds \n #postoffice",
        "replies": "",
        "retweets": "1",
        "likes": "1",
        "app": "IRDA"
    },
    {
        "search_link": "https://twitter.com/search?q=%23IRDA%20%23Insurance&src=typed_query&f=top",
        "user_name": "Ravi",
        "user_handle": "/ravithakker2007",
        "tweet_date": "Apr 4, 2020",
        "timestamp": "2020-04-04T12:50:15.000Z",
        "tweet_content": "5 days nd still no reply about the reason for denial of cashless facility. Pathetic customer service and customer harassment policies is how i will describe   .\n  #irda     #insurance    #harassment  ",
        "replies": "2",
        "retweets": "3",
        "likes": "1",
        "app": "IRDA"
    },
    {
        "search_link": "https://twitter.com/search?q=%23IRDA%20%23Insurance&src=typed_query&f=top",
        "user_name": "shohini",
        "user_handle": "/shohinisengupta",
        "tweet_date": "May 29, 2019",
        "timestamp": "2019-05-29T02:06:15.000Z",
        "tweet_content": "I write on how the IRDA, our insurance regulator needs to step up its game. \n   #regulatorysandbox    #irda     #insurance",
        "replies": "1",
        "retweets": "2",
        "likes": "3",
        "app": "IRDA"
    },
    {
        "search_link": "https://twitter.com/search?q=%23IRDA%20%23Insurance&src=typed_query&f=top",
        "user_name": "Vymo",
        "user_handle": "/getvymo",
        "tweet_date": "Apr 11",
        "timestamp": "2023-04-11T10:53:02.000Z",
        "tweet_content": "In a customer-centric move, IRDA is actively encouraging insurers to lower their expenses and pass benefits to customers!\n\nHow should insurance organizations make insurance accessible? \n\n  #insurance     #IRDA    #customerbenefits   #insurancetrends   #insurancenews",
        "replies": "",
        "retweets": "",
        "likes": "",
        "app": "IRDA"
    },
    {
        "search_link": "https://twitter.com/search?q=%23IRDA%20%23Insurance&src=typed_query&f=top",
        "user_name": "EquityBulls.com",
        "user_handle": "/equitybulls",
        "tweet_date": "Jan 28, 2020",
        "timestamp": "2020-01-28T12:22:57.000Z",
        "tweet_content": "Share India gets insurance biz license from IRDA\n\n #ShareIndia    #Insurance    #Business   #License    #IRDA  \n",
        "replies": "",
        "retweets": "2",
        "likes": "3",
        "app": "IRDA"
    },
    {
        "search_link": "https://twitter.com/search?q=%23IRDA%20%23Insurance&src=typed_query&f=top",
        "user_name": "Pallav Sinha",
        "user_handle": "/PallavPSinha",
        "tweet_date": "Oct 17, 2021",
        "timestamp": "2021-10-17T06:02:40.000Z",
        "tweet_content": "Allowing such caveats to simple Accidental death policies is a complete travesty of insurance. How does   #IRDA   approve such products and caveats?   #Insurance",
        "replies": "",
        "retweets": "2",
        "likes": "7",
        "app": "IRDA"
    },
    {
        "search_link": "https://twitter.com/search?q=%23IRDA%20%23Insurance&src=typed_query&f=top",
        "user_name": "CNBC-TV18",
        "user_handle": "/CNBCTV18Live",
        "tweet_date": "Dec 1, 2022",
        "timestamp": "2022-12-01T16:46:03.000Z",
        "tweet_content": "Govt proposes comprehensive reforms in the   #insurance   sector; invites public comments to proposed  #InsuranceLaw  amendments after consulting the sector regulator   #IRDA   & players in the industry.\n\n  reports.",
        "replies": "1",
        "retweets": "7",
        "likes": "37",
        "app": "IRDA"
    },
    {
        "search_link": "https://twitter.com/search?q=%23IRDA%20%23Insurance&src=typed_query&f=top",
        "user_name": "Adv (Dr.) Prashant Mali",
        "user_handle": "/AdvPrashantMali",
        "tweet_date": "Jan 30, 2020",
        "timestamp": "2020-01-30T08:17:31.000Z",
        "tweet_content": "As a Advisory Board Member addressing HOD’s of LIC along with MD of LIC. My most applauded suggestion was “selling maximum policies online” with \n #cybersecurity   #online   #fraud  considerations.   #insurance    #bfsi   #fintech    #irda    #lic   #aadhaar   #payments",
        "replies": "1",
        "retweets": "4",
        "likes": "18",
        "app": "IRDA"
    },
    {
        "search_link": "https://twitter.com/search?q=%23IRDA%20%23Insurance&src=typed_query&f=top",
        "user_name": "Enterslice",
        "user_handle": "/Enterslice",
        "tweet_date": "Jan 24, 2022",
        "timestamp": "2022-01-24T12:06:26.000Z",
        "tweet_content": "#irdanotification  \n\nIRDA has lowered the obligatory cession on each general insurance policy which has to be reinsured with GIC to 4% from the earlier 5%  \n #latestNews   #Enterslice    #irda     #Insurance    #insurancepolicy   #policy   #GIC",
        "replies": "",
        "retweets": "2",
        "likes": "5",
        "app": "IRDA"
    },
    {
        "search_link": "https://twitter.com/search?q=%23IRDA%20%23Insurance&src=typed_query&f=top",
        "user_name": "Enterslice",
        "user_handle": "/Enterslice",
        "tweet_date": "Jan 12, 2022",
        "timestamp": "2022-01-12T11:50:23.000Z",
        "tweet_content": "#IRDANotification \n\nIRDA has proposed new guidelines that would modify the remuneration of CEOs, non-executive, managing & WTD of private insurance companies  \n #latestNews   #Enterslice    #irda     #Insurance    #CEOs   #WTD   #regulatory   #insurancecompanies   #CEO   #director",
        "replies": "",
        "retweets": "1",
        "likes": "3",
        "app": "IRDA"
    },
    {
        "search_link": "https://twitter.com/search?q=%23IRDA%20%23Insurance&src=typed_query&f=top",
        "user_name": "Sujit Bangar",
        "user_handle": "/sujit_bangar",
        "tweet_date": "Nov 26, 2019",
        "timestamp": "2019-11-26T00:34:35.000Z",
        "tweet_content": "New IRDA product guidelines would be in place from 1st Dec. Insurance companies have to withdraw non compliant products before that. New plans would be with minor premium increase but obviously added benefit. \n  #insurance     #IRDA    #Investment",
        "replies": "",
        "retweets": "6",
        "likes": "5",
        "app": "IRDA"
    },
    {
        "search_link": "https://twitter.com/search?q=%23IRDA%20%23Insurance&src=typed_query&f=top",
        "user_name": "Moneycontrol",
        "user_handle": "/moneycontrolcom",
        "tweet_date": "Aug 10, 2020",
        "timestamp": "2020-08-10T14:10:38.000Z",
        "tweet_content": "IRDA has directed TPAs not to take health claims payment decisions on behalf of insurance companies, here's why.\n\n  #IRDA     #Insurance    #Health   #HealthInsurance",
        "replies": "1",
        "retweets": "3",
        "likes": "17",
        "app": "IRDA"
    },
    {
        "search_link": "https://twitter.com/search?q=%23IRDA%20%23Insurance&src=typed_query&f=top",
        "user_name": "Computer Age Management Services Limited",
        "user_handle": "/Camsonline",
        "tweet_date": "May 4, 2018",
        "timestamp": "2018-05-04T12:29:29.000Z",
        "tweet_content": "All your insurance policies, be they life, health or motor, can now be maintained as electronic policies in CAMSrep e-Insurance Account (eIA) \n \n #CAMSrep   #eia   #einsurance    #irda     #insurance    #digitalindia",
        "replies": "",
        "retweets": "2",
        "likes": "4",
        "app": "IRDA"
    },
    {
        "search_link": "https://twitter.com/search?q=%23IRDA%20%23Insurance&src=typed_query&f=top",
        "user_name": "ET NOW",
        "user_handle": "/ETNOWlive",
        "tweet_date": "Apr 18, 2021",
        "timestamp": "2021-04-18T11:41:19.000Z",
        "tweet_content": "Explain basis for approving   #insurance   policies excluding  #mental   #illnesses  from full coverage: HC to   #IRDA",
        "replies": "1",
        "retweets": "",
        "likes": "6",
        "app": "IRDA"
    },
    {
        "search_link": "https://twitter.com/search?q=%23IRDA%20%23Insurance&src=typed_query&f=top",
        "user_name": "Moneycontrol",
        "user_handle": "/moneycontrolcom",
        "tweet_date": "Nov 28, 2022",
        "timestamp": "2022-11-28T04:46:47.000Z",
        "tweet_content": "#MCProOpinion  | IRDA’s new rules will help increase competition and innovation.\n\nHere's how  \n \n    |   #IRDA     #Insurance",
        "replies": "",
        "retweets": "1",
        "likes": "7",
        "app": "IRDA"
    },
    {
        "search_link": "https://twitter.com/search?q=%23IRDA%20%23Insurance&src=typed_query&f=top",
        "user_name": "Dipak Samanta",
        "user_handle": "/dipaksamanta",
        "tweet_date": "Nov 6, 2020",
        "timestamp": "2020-11-06T07:59:13.000Z",
        "tweet_content": "#IRDA   The insurance regulator on Thursday released draft guidelines on determination of compensation to shareholders on the event of merger of an insurer.  #finance   #FinancialServices    #insurance",
        "replies": "",
        "retweets": "3",
        "likes": "8",
        "app": "IRDA"
    },
    {
        "search_link": "https://twitter.com/search?q=%23IRDA%20%23Insurance&src=typed_query&f=top",
        "user_name": "Dipak Samanta",
        "user_handle": "/dipaksamanta",
        "tweet_date": "Feb 13, 2020",
        "timestamp": "2020-02-13T16:48:24.000Z",
        "tweet_content": "#IRDA   The regulator advised all insurers and Third-Party Administrators (TPAs), wherever applicable to make changes and ensure compliance with immediate effect.\n #HealthInsurance    #insurance    #India  ",
        "replies": "",
        "retweets": "3",
        "likes": "6",
        "app": "IRDA"
    },
    {
        "search_link": "https://twitter.com/search?q=%23IRDA%20%23Insurance&src=typed_query&f=top",
        "user_name": "elearnmarkets",
        "user_handle": "/elearnmarkets",
        "tweet_date": "Nov 16, 2018",
        "timestamp": "2018-11-16T09:34:45.000Z",
        "tweet_content": "#IRDA   Regulation 2018: Proposed Changes in Rules for   #Insurance   policies\n\nRead-\n",
        "replies": "",
        "retweets": "1",
        "likes": "2",
        "app": "IRDA"
    },
    {
        "search_link": "https://twitter.com/search?q=%23IRDA%20%23Insurance&src=typed_query&f=top",
        "user_name": "Dipak Samanta",
        "user_handle": "/dipaksamanta",
        "tweet_date": "Nov 8, 2019",
        "timestamp": "2019-11-08T00:35:08.000Z",
        "tweet_content": "IRDAI directs Reliance Health Insurance to stop selling policies as solvency slips below threshold.\n #FinancialServices    #insurance     #irda",
        "replies": "",
        "retweets": "5",
        "likes": "8",
        "app": "IRDA"
    },
    {
        "search_link": "https://twitter.com/search?q=%23IRDA%20%23Insurance&src=typed_query&f=top",
        "user_name": "CNBC-TV18",
        "user_handle": "/CNBCTV18News",
        "tweet_date": "Sep 1, 2018",
        "timestamp": "2018-09-01T06:56:13.000Z",
        "tweet_content": "Starting today, if you buy a car or a bike you, have to compulsorily buy a long-term third party insurance policy. So will the total cost of buying a vehicle go up?   explains  #ICYMI    #Insurance     #IRDA    #MotorInsurance",
        "replies": "",
        "retweets": "3",
        "likes": "12",
        "app": "IRDA"
    },
    {
        "search_link": "https://twitter.com/search?q=%23IRDA%20%23Insurance&src=typed_query&f=top",
        "user_name": "Economic Times",
        "user_handle": "/EconomicTimes",
        "tweet_date": "Sep 14, 2021",
        "timestamp": "2021-09-14T11:43:11.000Z",
        "tweet_content": "#MadrasHighCourt  has withdrawn its earlier order directing   #insurance   companies to ensure bumper-to-bumper insurance for 5 years for new vehicles sold from September 1, 2021, after   #IRDA   and others submitted it was impossible to implement the directive",
        "replies": "",
        "retweets": "3",
        "likes": "8",
        "app": "IRDA"
    },
    {
        "search_link": "https://twitter.com/search?q=%23IRDA%20%23Insurance&src=typed_query&f=top",
        "user_name": "IMC Chamber of Commerce and Industry",
        "user_handle": "/IMC_India",
        "tweet_date": "Dec 24, 2019",
        "timestamp": "2019-12-24T05:45:46.000Z",
        "tweet_content": "General insurers want  #FDI  raised to 74% though several companies favor 100%, to help bring the much needed capital and increase the use of  #technology .   #IRDA   had increased FDI to 100% in   #insurance   intermediaries in Sept. IMC welcomes the move.",
        "replies": "",
        "retweets": "1",
        "likes": "3",
        "app": "IRDA"
    },
    {
        "search_link": "https://twitter.com/search?q=%23IRDA%20%23Insurance&src=typed_query&f=top",
        "user_name": "ASCI",
        "user_handle": "/ascionline",
        "tweet_date": "Dec 12, 2019",
        "timestamp": "2019-12-12T05:06:09.000Z",
        "tweet_content": "Hear     Chief outline, why self-regulation is a win-win for consumer as well as advertisers.  #BecomeASCIMember   \n #Advertising \n  #IRDA  \n #Lifeinsurance \n  #insurance  \n #Businessinsight \n #ASCIAmbassador",
        "replies": "1",
        "retweets": "2",
        "likes": "2",
        "app": "IRDA"
    },
    {
        "search_link": "https://twitter.com/search?q=%23IRDA%20%23Insurance&src=typed_query&f=top",
        "user_name": "Business Standard",
        "user_handle": "/bsindia",
        "tweet_date": "Dec 16, 2019",
        "timestamp": "2019-12-16T10:34:36.000Z",
        "tweet_content": "Majority of the proposals are in the non-life segment, including some from insuretech firms. \n\n  #IRDA   is expected to approve some of the products this financial year, said sources \n\n  #insurance    #insurancefirms \n  reports",
        "replies": "",
        "retweets": "",
        "likes": "3",
        "app": "IRDA"
    },
    {
        "search_link": "https://twitter.com/search?q=%23IRDA%20%23Insurance&src=typed_query&f=top",
        "user_name": "LatestLY",
        "user_handle": "/latestly",
        "tweet_date": "Nov 4, 2019",
        "timestamp": "2019-11-04T16:19:48.000Z",
        "tweet_content": "LIC to End Several Individual Insurance Schemes: From Jeevan Anand to Jeevan Labh, Nearly Two Dozen Policies to be Withdrawn From November 30 | Read full report  #LIC    #Insurance    #LifeInsurance    #IRDA",
        "replies": "",
        "retweets": "1",
        "likes": "2",
        "app": "IRDA"
    }
]