[
    {
        "search_link": "https://twitter.com/search?q=%23NivaBupaHealthinsurance&src=typed_query&f=top",
        "user_name": "Mind Farmers",
        "user_handle": "/MindFarmers",
        "tweet_date": "May 7",
        "timestamp": "2023-05-07T11:03:28.000Z",
        "tweet_content": "To know more \nContact us  \n #healthinsurance   #nivabupa    #nivabupahealthinsurance    #healthylifestyle   #health   #healthiswealth   #keepinvestinginyourself",
        "replies": "",
        "retweets": "",
        "likes": "2",
        "app": "niva"
    },
    {
        "search_link": "https://twitter.com/search?q=%23NivaBupaHealthinsurance&src=typed_query&f=top",
        "user_name": "Gaurav Agarwal",
        "user_handle": "/princePGA",
        "tweet_date": "May 1",
        "timestamp": "2023-05-01T06:31:28.000Z",
        "tweet_content": " - Next level reply from your support agent \n #nivabupa    #NivaBupaHealthInsurance    #HealthInsurance",
        "replies": "2",
        "retweets": "",
        "likes": "",
        "app": "niva"
    },
    {
        "search_link": "https://twitter.com/search?q=%23NivaBupaHealthinsurance&src=typed_query&f=top",
        "user_name": "Pendulumedu",
        "user_handle": "/pendulumedu",
        "tweet_date": "Feb 25",
        "timestamp": "2023-02-25T13:45:43.000Z",
        "tweet_content": "Banking/ Financial/ Economic Awareness of 24 and 25 February 2023 -  \n #currentaffairs   #news   #latestnews   #breakingnews   #pendulumedu   #karnatakabank   #solarpowerplant   #pinelabs    #nivabupahealthinsurance    #assetreconstructioncompanies   #internationalipindex",
        "replies": "",
        "retweets": "1",
        "likes": "2",
        "app": "niva"
    },
    {
        "search_link": "https://twitter.com/search?q=%23NivaBupaHealthinsurance&src=typed_query&f=top",
        "user_name": "Policybazaar",
        "user_handle": "/policybazaar",
        "tweet_date": "Feb 18",
        "timestamp": "2023-02-18T14:09:15.000Z",
        "tweet_content": "(1/2) Recently, Policybazaar and Niva Bupa Health Insurance came together to organize a one-of-its-kind event, “Claim Samadhaan Diwas”.  Video 1/2\n #Policybazaar   #ClaimSamadhaanDiwas    #NivaBupaHealthInsurance",
        "replies": "4",
        "retweets": "2",
        "likes": "5",
        "app": "niva"
    },
    {
        "search_link": "https://twitter.com/search?q=%23NivaBupaHealthinsurance&src=typed_query&f=top",
        "user_name": "MeeVinu",
        "user_handle": "/meeevinu",
        "tweet_date": "Mar 1",
        "timestamp": "2023-03-01T05:57:23.000Z",
        "tweet_content": "Waiting from months for an update on Niva Bupa Claim ID 1188986 with Member ID 13477984. It keeps getting prolonged. Its taken via  \n \n #niva_bupa    #nivabupahealthinsurance  \n #smilekoclaimkarle \n #HealthInsurance",
        "replies": "3",
        "retweets": "",
        "likes": "1",
        "app": "niva"
    },
    {
        "search_link": "https://twitter.com/search?q=%23NivaBupaHealthinsurance&src=typed_query&f=top",
        "user_name": "Abhinav Sharma",
        "user_handle": "/AbSharm68615581",
        "tweet_date": "Jan 9",
        "timestamp": "2023-01-09T07:17:19.000Z",
        "tweet_content": "#nivabupahealthinsurance",
        "replies": "",
        "retweets": "",
        "likes": "1",
        "app": "niva"
    },
    {
        "search_link": "https://twitter.com/search?q=%23NivaBupaHealthinsurance&src=typed_query&f=top",
        "user_name": "Nimish Agrawal",
        "user_handle": "/nimishagr",
        "tweet_date": "Jul 20",
        "timestamp": "2023-07-20T07:25:18.000Z",
        "tweet_content": "Thank you for capturing our conversation so succinctly.  #ZindiagikoClaimKarLe    #NivaBupaHealthInsurance",
        "replies": "",
        "retweets": "",
        "likes": "",
        "app": "niva"
    },
    {
        "search_link": "https://twitter.com/search?q=%23NivaBupaHealthinsurance&src=typed_query&f=top",
        "user_name": "Shivi Indian",
        "user_handle": "/Shivika10",
        "tweet_date": "Aug 19",
        "timestamp": "2023-08-19T04:32:01.000Z",
        "tweet_content": "..worst health insurance in NCR. .Take only if you want to increase the ongoing trauma...They will harass you at your weakest point in hospital...Please retweet to protect other people.  #nivabupahealthinsurance",
        "replies": "1",
        "retweets": "",
        "likes": "",
        "app": "niva"
    },
    {
        "search_link": "https://twitter.com/search?q=%23NivaBupaHealthinsurance&src=typed_query&f=top",
        "user_name": "Firoz Ansari",
        "user_handle": "/firozindia1",
        "tweet_date": "Mar 13",
        "timestamp": "2023-03-13T03:05:18.000Z",
        "tweet_content": "#ReAssure2    #NivaBupaHealthInsurance  \n #healthinsurance \nThere is no asaurqnce that ur claim will ne passed fraud company only to loot people",
        "replies": "1",
        "retweets": "",
        "likes": "",
        "app": "niva"
    },
    {
        "search_link": "https://twitter.com/search?q=%23NivaBupaHealthinsurance&src=typed_query&f=top",
        "user_name": "Ashish Mishra",
        "user_handle": "/ashish_mishra10",
        "tweet_date": "Jul 13",
        "timestamp": "2023-07-13T08:14:52.000Z",
        "tweet_content": " Hi, I have requested multiple times for my policy copy. But I have not received it yet.\nReally disappointing services.\n \n  #NivaBupaHealthInsurance",
        "replies": "1",
        "retweets": "",
        "likes": "",
        "app": "niva"
    },
    {
        "search_link": "https://twitter.com/search?q=%23NivaBupaHealthinsurance&src=typed_query&f=top",
        "user_name": "Rajnish Kakkar - Financial Advisor",
        "user_handle": "/RajnishKak45642",
        "tweet_date": "Aug 17",
        "timestamp": "2023-08-17T06:02:49.000Z",
        "tweet_content": "Are you afraid of Medical Treatment Bills ???\nGet Cashless claims settled in 30 minutes.\nCall us today and have Niva Bupa Health Insurance Plans\nBest investment plan agent in Panchkula\n  #NivaBupaHealthInsurance    #nivabupa   #healthinsurance   #healthinsuranceadvisor \n #20_अगस्त_जयपुर_चलो",
        "replies": "",
        "retweets": "",
        "likes": "",
        "app": "niva"
    },
    {
        "search_link": "https://twitter.com/search?q=%23NivaBupaHealthinsurance&src=typed_query&f=top",
        "user_name": "Shirsh Kyal",
        "user_handle": "/Sk_Moneypliers",
        "tweet_date": "Feb 13",
        "timestamp": "2023-02-13T11:16:24.000Z",
        "tweet_content": "Please visit my YouTube Channel. Where I discussed about ReAssure plan In Detail (Full Video) \n\n  #nivabupahealthinsurance    #nivabupa   #reassure   #healthinsurance   #healthinsuranceforall   #healthinsuranceagent   #healthinsurancebroker   #investments",
        "replies": "",
        "retweets": "",
        "likes": "",
        "app": "niva"
    },
    {
        "search_link": "https://twitter.com/search?q=%23NivaBupaHealthinsurance&src=typed_query&f=top",
        "user_name": "Firoz Ansari",
        "user_handle": "/firozindia1",
        "tweet_date": "Mar 13",
        "timestamp": "2023-03-13T03:06:30.000Z",
        "tweet_content": "#NothingSeemsImpossible   #ReAssure2    #NivaBupaHealthInsurance   geeting timely claim approved from this company is impossible worst cuatomer sercice pathetic poor and hopeless response",
        "replies": "",
        "retweets": "",
        "likes": "",
        "app": "niva"
    },
    {
        "search_link": "https://twitter.com/search?q=%23NivaBupaHealthinsurance&src=typed_query&f=top",
        "user_name": "MeeVinu",
        "user_handle": "/meeevinu",
        "tweet_date": "Mar 1",
        "timestamp": "2023-03-01T05:57:13.000Z",
        "tweet_content": "Waiting from months for an update on Niva Bupa Claim ID 1188986 with Member ID 13477984. It keeps getting prolonged. Its taken via  \n \n #niva_bupa    #nivabupahealthinsurance  \n #smilekoclaimkarle \n #HealthInsurance",
        "replies": "1",
        "retweets": "",
        "likes": "",
        "app": "niva"
    },
    {
        "search_link": "https://twitter.com/search?q=%23NivaBupaHealthinsurance&src=typed_query&f=top",
        "user_name": "Amit Mehta",
        "user_handle": "/AmitMeh42362987",
        "tweet_date": "Apr 13",
        "timestamp": "2023-04-13T13:18:01.000Z",
        "tweet_content": " Very disappointing customer support, trying to get an annual health checkup appointment from the last 2 days but no one customer care is able to answer. They are expert in putting your call on hold   #nivabupahealthinsurance  \n #nivabupa",
        "replies": "1",
        "retweets": "",
        "likes": "",
        "app": "niva"
    },
    {
        "search_link": "https://twitter.com/search?q=%23NivaBupaHealthinsurance&src=typed_query&f=top",
        "user_name": "Sudarshan Kedia",
        "user_handle": "/SudarshanKedia",
        "tweet_date": "Jun 18",
        "timestamp": "2023-06-18T04:14:20.000Z",
        "tweet_content": "#NivaBupaHealthInsurance   total false and misleading.. Nivabupa only harasses customers.",
        "replies": "1",
        "retweets": "",
        "likes": "",
        "app": "niva"
    },
    null,
    {
        "search_link": "https://twitter.com/search?q=%23NivaBupaHealthinsurance&src=typed_query&f=top",
        "user_name": "Mats",
        "user_handle": "/mathiaf65",
        "tweet_date": "Jun 16",
        "timestamp": "2023-06-16T12:58:24.000Z",
        "tweet_content": " My Policy is 31865615202100 and a service request no. 20292681 has been pending for 5 days now.\n\nI am not able to book my annual medical check up. I get mails falsely claiming that my complaint is resolved\n  #NivaBupaHealthInsurance  \n #SmileKoClaimKarle",
        "replies": "",
        "retweets": "",
        "likes": "",
        "app": "niva"
    },
    {
        "search_link": "https://twitter.com/search?q=%23NivaBupaHealthinsurance&src=typed_query&f=top",
        "user_name": "Oyeallied",
        "user_handle": "/oyeallied",
        "tweet_date": "Apr 14",
        "timestamp": "2023-04-14T02:47:53.000Z",
        "tweet_content": "#NivaBupaHealthInsurance   sucks\n\nI have not got any confirmation on my renewal done. I have shared all details of payment confirmation. The current policy expires on 17/04/2023. If this is the ignorance in service during policy renewal for a group insurance, god help during claim.",
        "replies": "",
        "retweets": "",
        "likes": "",
        "app": "niva"
    },
    {
        "search_link": "https://twitter.com/search?q=%23NivaBupaHealthinsurance&src=typed_query&f=top",
        "user_name": "Mats",
        "user_handle": "/mathiaf65",
        "tweet_date": "Jun 16",
        "timestamp": "2023-06-16T12:59:25.000Z",
        "tweet_content": " My Policy is 31865615202100 and a service request no. 20292681 has been pending for 5 days now.\n\nI am not able to book my annual medical check up. I get mails falsely claiming that my complaint is resolved\n  #NivaBupaHealthInsurance  \n #SmileKoClaimKarle",
        "replies": "1",
        "retweets": "",
        "likes": "",
        "app": "niva"
    },
    {
        "search_link": "https://twitter.com/search?q=%23NivaBupaHealthinsurance&src=typed_query&f=top",
        "user_name": "Kamal Narsaria",
        "user_handle": "/Ranisatidadi",
        "tweet_date": "Jun 12",
        "timestamp": "2023-06-12T03:54:18.000Z",
        "tweet_content": "Hello Everyone!\n\nI recommend Niva Bupa health insurance because it's a comprehensive and affordable plan that offers a variety of benefits.\n\nTo learn more about Niva Bupa health insurance, please contact me at 9920211261 and 9324911261\n\n #NivaBupaHealthInsurance #kamalnarsaria",
        "replies": "1",
        "retweets": "",
        "likes": "",
        "app": "niva"
    },
    {
        "search_link": "https://twitter.com/search?q=%23NivaBupaHealthinsurance&src=typed_query&f=top",
        "user_name": "Jiyas Padayan",
        "user_handle": "/jiyas_padayan",
        "tweet_date": "Jun 22",
        "timestamp": "2023-06-22T17:00:29.000Z",
        "tweet_content": "Sent a mail to   on 10.06.2023 still no response from Niva Bupa health insurance. Utterly disappointed. How can the public rely on such irresponsible companies? @IRDAI_India please help   #NivaBupahealthinsurance",
        "replies": "1",
        "retweets": "",
        "likes": "",
        "app": "niva"
    },
    {
        "search_link": "https://twitter.com/search?q=%23NivaBupaHealthinsurance&src=typed_query&f=top",
        "user_name": "UMESH",
        "user_handle": "/GANGWANIUMESH",
        "tweet_date": "May 16",
        "timestamp": "2023-05-16T12:00:05.000Z",
        "tweet_content": "#NivaBupaHealthInsurance    #HealthInsurance   #SmileKoClaimKarLe",
        "replies": "",
        "retweets": "",
        "likes": "",
        "app": "niva"
    },
    {
        "search_link": "https://twitter.com/search?q=%23NivaBupaHealthinsurance&src=typed_query&f=top",
        "user_name": "Sudarshan Kedia",
        "user_handle": "/SudarshanKedia",
        "tweet_date": "Jun 18",
        "timestamp": "2023-06-18T04:19:08.000Z",
        "tweet_content": "NivaBupa harassment company.. my cashless claim rejected without any valid reason.. they will keep asking for documents every hour and then give invalid reason to reject your claim.. don't buy   #NivaBupaHealthInsurance    #healthinsurance",
        "replies": "1",
        "retweets": "",
        "likes": "3",
        "app": "niva"
    },
    {
        "search_link": "https://twitter.com/search?q=%23NivaBupaHealthinsurance&src=typed_query&f=top",
        "user_name": "manoj vyas",
        "user_handle": "/timetradinglife",
        "tweet_date": "Apr 5",
        "timestamp": "2023-04-05T09:57:04.000Z",
        "tweet_content": "Hey   is there anyway customer can reach out through email to you privileged people.\n\ni have a insurance policy due soon and i need help onto it.\n\nhopefully you can make it quick.\n  #NivaBupaHealthInsurance    #ReAssure2   #healthinsurance",
        "replies": "1",
        "retweets": "1",
        "likes": "",
        "app": "niva"
    },
    {
        "search_link": "https://twitter.com/search?q=%23NivaBupaHealthinsurance&src=typed_query&f=top",
        "user_name": "Brijesh Gupta",
        "user_handle": "/birjoossh",
        "tweet_date": "May 10",
        "timestamp": "2023-05-10T12:25:03.000Z",
        "tweet_content": "It’s been my 20th attempt using   insta app to get my address updated but still unsuccessful. May be will get done by my 50th attempt hopefully. Very sad   . Should have known before buying your policy.   #nivabupahealthinsurance",
        "replies": "1",
        "retweets": "",
        "likes": "",
        "app": "niva"
    },
    {
        "search_link": "https://twitter.com/search?q=%23NivaBupaHealthinsurance&src=typed_query&f=top",
        "user_name": "@ravi_jai shri ram",
        "user_handle": "/ravijaishriram1",
        "tweet_date": "Jun 14",
        "timestamp": "2023-06-14T10:52:46.000Z",
        "tweet_content": "niva bupa service bahoot hi kharab hai....mediclaim ka approval hi nhi dete h... #nivabupahealthinsurance #",
        "replies": "1",
        "retweets": "",
        "likes": "",
        "app": "niva"
    },
    {
        "search_link": "https://twitter.com/search?q=%23NivaBupaHealthinsurance&src=typed_query&f=top",
        "user_name": "Dr.Rajendra Nirantar ",
        "user_handle": "/rajtela1",
        "tweet_date": "Apr 10",
        "timestamp": "2023-04-10T04:46:13.000Z",
        "tweet_content": "#NivaBupaHealthInsurance  \n  Policy document not received even after one week of paying ₹4003774 renewal fees in advance,pathetic response by the company officials,feel   can one recommend such company?What happens in case of hospitilazation.",
        "replies": "",
        "retweets": "1",
        "likes": "",
        "app": "niva"
    },
    {
        "search_link": "https://twitter.com/search?q=%23NivaBupaHealthinsurance&src=typed_query&f=top",
        "user_name": "Ashish Mishra",
        "user_handle": "/ashish_mishra10",
        "tweet_date": "Jul 4",
        "timestamp": "2023-07-04T07:59:11.000Z",
        "tweet_content": "I am a long-standing customer and I have never had any problems with my policy before. I have filed relevant complaints/escalations but no relief.\n \n  #NivaBupaHealthInsurance",
        "replies": "",
        "retweets": "",
        "likes": "",
        "app": "niva"
    },
    {
        "search_link": "https://twitter.com/search?q=%23NivaBupaHealthinsurance&src=typed_query&f=top",
        "user_name": "Ajeesh T S",
        "user_handle": "/ajeesh_ts",
        "tweet_date": "May 24",
        "timestamp": "2023-05-23T20:27:47.000Z",
        "tweet_content": " my son got admitted with bronchitis, it is a normal occurrence to kids and you are finding this silly reason for policy denial? Means any future hospitalization of mine will lead denial? \n #ZindagiKoClaimKarLe   #SmileKoClaimKarLe    #NivaBupaHealthInsurance    #HealthInsurance",
        "replies": "2",
        "retweets": "",
        "likes": "",
        "app": "niva"
    },
    {
        "search_link": "https://twitter.com/search?q=%23NivaBupaHealthinsurance&src=typed_query&f=top",
        "user_name": "Prashant Pervatikar",
        "user_handle": "/Raakshasaa",
        "tweet_date": "Jun 19",
        "timestamp": "2023-06-19T12:53:30.000Z",
        "tweet_content": " I am trying to get a receipt for premium paid for my health insurance policy. Been calling customer service every hour. They just give assurances that it’s sent. Nothing arrives.  #frustrationNivaBupa    #NivaBupaHealthInsurance  .",
        "replies": "1",
        "retweets": "",
        "likes": "",
        "app": "niva"
    },
    {
        "search_link": "https://twitter.com/search?q=%23NivaBupaHealthinsurance&src=typed_query&f=top",
        "user_name": "Ankit Sharma",
        "user_handle": "/Sharmaankit2909",
        "tweet_date": "May 23",
        "timestamp": "2023-05-23T11:43:48.000Z",
        "tweet_content": "#ReAssure2    #NivaBupaHealthInsurance   ",
        "replies": "1",
        "retweets": "",
        "likes": "",
        "app": "niva"
    },
    {
        "search_link": "https://twitter.com/search?q=%23NivaBupaHealthinsurance&src=typed_query&f=top",
        "user_name": "Aman Nandwani",
        "user_handle": "/AmanNandwani5",
        "tweet_date": "May 29",
        "timestamp": "2023-05-29T16:28:47.000Z",
        "tweet_content": "#nivabupahealthinsurance",
        "replies": "1",
        "retweets": "",
        "likes": "",
        "app": "niva"
    },
    {
        "search_link": "https://twitter.com/search?q=%23NivaBupaHealthinsurance&src=typed_query&f=top",
        "user_name": "Ashish Mishra",
        "user_handle": "/ashish_mishra10",
        "tweet_date": "Jul 4",
        "timestamp": "2023-07-04T07:52:21.000Z",
        "tweet_content": "My policy has been canceled by   Bupa w/o notice, and no fault on my part.\nI have documentary evidence that the fault is on the part of   Bupa. \nI am extremely disappointed with the level of service I have received from Niva Bupa. \n \n  #NivaBupaHealthInsurance",
        "replies": "2",
        "retweets": "",
        "likes": "",
        "app": "niva"
    },
    {
        "search_link": "https://twitter.com/search?q=%23NivaBupaHealthinsurance&src=typed_query&f=top",
        "user_name": "NivaBupa",
        "user_handle": "/Niva_Bupa",
        "tweet_date": "Aug 18",
        "timestamp": "2023-08-18T08:24:01.000Z",
        "tweet_content": "Stay ahead in the fight against  #COVID19 . Protect yourself and your loved ones by following the necessary  #COVID  protocols. Stay vigilant, stay safe.\n\n  #NivaBupaHealthInsurance    #healthinsurance",
        "replies": "7",
        "retweets": "",
        "likes": "1",
        "app": "niva"
    },
    {
        "search_link": "https://twitter.com/search?q=%23NivaBupaHealthinsurance&src=typed_query&f=top",
        "user_name": "Pradhyum patidar",
        "user_handle": "/Pradhumpatidar1",
        "tweet_date": "Jun 15",
        "timestamp": "2023-06-15T06:58:19.000Z",
        "tweet_content": "Start your health cover with Niva Bupa ReAssure 2.o today!\n30 Minute cashless claims processing\nMore Details:  \nCall Now: 099934 88836\n #healthylifestyle    #NivaBupaHealthInsurance    #HealthyHabits   #Insurance   #clam   #healthinsuranceplan",
        "replies": "1",
        "retweets": "",
        "likes": "2",
        "app": "niva"
    },
    {
        "search_link": "https://twitter.com/search?q=%23NivaBupaHealthinsurance&src=typed_query&f=top",
        "user_name": "NivaBupa",
        "user_handle": "/Niva_Bupa",
        "tweet_date": "Jul 20",
        "timestamp": "2023-07-20T06:30:00.000Z",
        "tweet_content": "As cases decline, don’t let your guard down. Stay proactive in the fight against  #COVID19  by getting a booster dose to protect yourself and your loved ones.\n\n  #NivaBupaHealthInsurance    #HealthInsurance",
        "replies": "8",
        "retweets": "",
        "likes": "4",
        "app": "niva"
    },
    {
        "search_link": "https://twitter.com/search?q=%23NivaBupaHealthinsurance&src=typed_query&f=top",
        "user_name": "Surya Kant Bhadani",
        "user_handle": "/bhadani_surya",
        "tweet_date": "May 6",
        "timestamp": "2023-05-06T13:50:33.000Z",
        "tweet_content": "#NivaBupaHealthInsurance    #HealthInsurance \n #ZindagiKoClaimKarLe   #ReAssure2",
        "replies": "",
        "retweets": "",
        "likes": "",
        "app": "niva"
    },
    {
        "search_link": "https://twitter.com/search?q=%23NivaBupaHealthinsurance&src=typed_query&f=top",
        "user_name": "Policybazaar",
        "user_handle": "/policybazaar",
        "tweet_date": "Feb 18",
        "timestamp": "2023-02-18T14:11:47.000Z",
        "tweet_content": "(2/2)This day was dedicated to helping policyholders whose claims had been stuck for months. We take great pride in the fact that at this event, through the initiative, policyholders got their solution on the spot.\n\n #Policybazaar   #ClaimSamadhaanDiwas    #NivaBupaHealthInsurance",
        "replies": "7",
        "retweets": "1",
        "likes": "2",
        "app": "niva"
    },
    {
        "search_link": "https://twitter.com/search?q=%23NivaBupaHealthinsurance&src=typed_query&f=top",
        "user_name": "George Jacob",
        "user_handle": "/GeorgeJ74340958",
        "tweet_date": "Feb 6",
        "timestamp": "2023-02-06T06:35:18.000Z",
        "tweet_content": "Got email from Rohit, Officer Grievance Redressal Team requesting for NEFT details for refund of Rs 56779 because of cancellation of policy 32170421202200 token number 01-23-015201_10237361. NEFT details given. Amount so far not refunded\n  #NivaBupaHealthInsurance    #HealthInsurance",
        "replies": "",
        "retweets": "",
        "likes": "",
        "app": "niva"
    },
    {
        "search_link": "https://twitter.com/search?q=%23NivaBupaHealthinsurance&src=typed_query&f=top",
        "user_name": "EquityBulls.com",
        "user_handle": "/equitybulls",
        "tweet_date": "Jul 7",
        "timestamp": "2023-07-07T09:13:53.000Z",
        "tweet_content": "Innokaiz India Ltd receives orders worth Rs. 1.18 crores from NivaBupa Health Insurance Company Ltd\n\n #InnokaizIndia   #INE0LDI01022   #Advertising   #Media   #OrderWin    #NivaBupaHealthInsurance    \n",
        "replies": "",
        "retweets": "",
        "likes": "5",
        "app": "niva"
    },
    {
        "search_link": "https://twitter.com/search?q=%23NivaBupaHealthinsurance&src=typed_query&f=top",
        "user_name": "NivaBupa",
        "user_handle": "/Niva_Bupa",
        "tweet_date": "Jul 3",
        "timestamp": "2023-07-03T07:11:17.000Z",
        "tweet_content": "How will it be a bon voyage if you lose your baggage?  Secure your trip with Travel Assure aur banao  #HarTripSuperhit .\nVisit the link to know more:  \n  #NivaBupaHealthInsurance    #travel   #TravelAssure",
        "replies": "10",
        "retweets": "",
        "likes": "2",
        "app": "niva"
    },
    {
        "search_link": "https://twitter.com/search?q=%23NivaBupaHealthinsurance&src=typed_query&f=top",
        "user_name": "NivaBupa",
        "user_handle": "/Niva_Bupa",
        "tweet_date": "Jun 29",
        "timestamp": "2023-06-29T05:30:00.000Z",
        "tweet_content": "The smallest of things can make or break your vacation. Secure your trip with TravelAssure aur banao  #HarTripSuperhit .\n\nVisit the link to know more:  \n  #NivaBupaHealthInsurance    #travel   #TravelAssure",
        "replies": "8",
        "retweets": "",
        "likes": "3",
        "app": "niva"
    },
    {
        "search_link": "https://twitter.com/search?q=%23NivaBupaHealthinsurance&src=typed_query&f=top",
        "user_name": "Lokesh Patidar",
        "user_handle": "/gami_lokesh",
        "tweet_date": "Jun 15",
        "timestamp": "2023-06-15T06:44:31.000Z",
        "tweet_content": "Start your health cover with Niva Bupa ReAssure 2.o today!\n30 Minute cashless claims processing\nMore Details:  \nCall Now: 099934 88836\n #healthylifestyle    #NivaBupaHealthInsurance    #HealthyHabits   #Insurance   #clam   #healthinsuranceplan",
        "replies": "1",
        "retweets": "",
        "likes": "2",
        "app": "niva"
    }
]