[
    {
        "search_link": "https://twitter.com/search?q=%23NivaBupa&src=typed_query&f=top",
        "user_name": "Dr Suresh Kubavat",
        "user_handle": "/koobavat",
        "tweet_date": "Aug 17",
        "timestamp": "2023-08-16T18:40:28.000Z",
        "tweet_content": "I recommend Niva Bupa Health Insurance to all my friends and family \n    #Nivabupa",
        "replies": "1",
        "retweets": "",
        "likes": "",
        "app": "NivaBupa"
    },
    {
        "search_link": "https://twitter.com/search?q=%23NivaBupa&src=typed_query&f=top",
        "user_name": "Deepak Soni",
        "user_handle": "/IntuitDeepak",
        "tweet_date": "Aug 18",
        "timestamp": "2023-08-18T01:51:10.000Z",
        "tweet_content": " seems you are taking it very lightly. I haven't got any call or response from ur team yet.   #nivabupa    #healthinsurance",
        "replies": "",
        "retweets": "",
        "likes": "",
        "app": "NivaBupa"
    },
    null,
    {
        "search_link": "https://twitter.com/search?q=%23NivaBupa&src=typed_query&f=top",
        "user_name": "Mashal Rane",
        "user_handle": "/mashalrane0987",
        "tweet_date": "Aug 15",
        "timestamp": "2023-08-15T09:12:09.000Z",
        "tweet_content": "Disappointed with my recent experience with   insurance. Just had a cashless claim rejected without clear explanation. Has anyone else faced this issue?   #NivaBupa    #InsuranceClaim   #CashlessRejected",
        "replies": "1",
        "retweets": "1",
        "likes": "1",
        "app": "NivaBupa"
    },
    {
        "search_link": "https://twitter.com/search?q=%23NivaBupa&src=typed_query&f=top",
        "user_name": "Sumit Kaila",
        "user_handle": "/sumitkaila88",
        "tweet_date": "Aug 18",
        "timestamp": "2023-08-18T07:58:50.000Z",
        "tweet_content": " if you can provide a support in AHC what’s the point of having it I am trying to get a health checkup done for my wife since 10+ days and no one cares to respond similar thing happened for my case after multiple follow-ups and complaints I got my test done. \n  #NivaBupa",
        "replies": "1",
        "retweets": "",
        "likes": "",
        "app": "NivaBupa"
    },
    {
        "search_link": "https://twitter.com/search?q=%23NivaBupa&src=typed_query&f=top",
        "user_name": "Kvp Marar",
        "user_handle": "/KvpMarar",
        "tweet_date": "Aug 16",
        "timestamp": "2023-08-16T04:27:28.000Z",
        "tweet_content": "I recommend Niva Bupa Health Insurance to all my friends and family \n    #Nivabupa",
        "replies": "1",
        "retweets": "",
        "likes": "",
        "app": "NivaBupa"
    },
    {
        "search_link": "https://twitter.com/search?q=%23NivaBupa&src=typed_query&f=top",
        "user_name": "Varinder Singh Nadha",
        "user_handle": "/Varinder7686",
        "tweet_date": "Aug 15",
        "timestamp": "2023-08-15T10:08:05.000Z",
        "tweet_content": "I recommend Niva Bupa Health Insurance to all my friends and family \n    #Nivabupa",
        "replies": "1",
        "retweets": "",
        "likes": "",
        "app": "NivaBupa"
    },
    {
        "search_link": "https://twitter.com/search?q=%23NivaBupa&src=typed_query&f=top",
        "user_name": "Sagar Achari",
        "user_handle": "/sagarachari789",
        "tweet_date": "5h",
        "timestamp": "2023-08-22T11:51:14.000Z",
        "tweet_content": " dear sir i have Query of my claim id please do help me on this \n #help    #nivabupa",
        "replies": "",
        "retweets": "",
        "likes": "",
        "app": "NivaBupa"
    },
    {
        "search_link": "https://twitter.com/search?q=%23NivaBupa&src=typed_query&f=top",
        "user_name": "SanjayKR",
        "user_handle": "/SanjayK51277170",
        "tweet_date": "Aug 14",
        "timestamp": "2023-08-14T04:45:30.000Z",
        "tweet_content": "Even after sending a DM to   #Nivabupa   with policy details, there is no response. Pathetic customer service. Beware of taking their policy  #mediclaim \n  # healthinsurance",
        "replies": "1",
        "retweets": "",
        "likes": "",
        "app": "NivaBupa"
    },
    {
        "search_link": "https://twitter.com/search?q=%23NivaBupa&src=typed_query&f=top",
        "user_name": "Yuvraj Kanwar",
        "user_handle": "/Yuvrajkanwar07",
        "tweet_date": "Aug 16",
        "timestamp": "2023-08-16T14:53:12.000Z",
        "tweet_content": " I have been going through the application process of my nivabupa health insurance and i don't have words to describe how traumatizing it is. It's been 2 days from my form submission and it is pending due to an error after payment of health insurance fee.   #nivabupa",
        "replies": "2",
        "retweets": "",
        "likes": "1",
        "app": "NivaBupa"
    },
    {
        "search_link": "https://twitter.com/search?q=%23NivaBupa&src=typed_query&f=top",
        "user_name": "Parvez Akhtar",
        "user_handle": "/ParvezA24956782",
        "tweet_date": "Aug 15",
        "timestamp": "2023-08-15T09:30:43.000Z",
        "tweet_content": "I recommend Niva Bupa Health Insurance to all my friends and family \n    #Nivabupa",
        "replies": "1",
        "retweets": "",
        "likes": "",
        "app": "NivaBupa"
    },
    {
        "search_link": "https://twitter.com/search?q=%23NivaBupa&src=typed_query&f=top",
        "user_name": "Saoirse ",
        "user_handle": "/saoirseecon",
        "tweet_date": "Aug 16",
        "timestamp": "2023-08-16T08:30:03.000Z",
        "tweet_content": "The discharge happened on Monday afternoon. You reply to this 2 days later. You have the worst customer service. Will definitely be switching to another insurance provider. We waited more than 24hours after discharge to get the claim approval.   #nivabupa   is bad. Stay away !",
        "replies": "1",
        "retweets": "",
        "likes": "",
        "app": "NivaBupa"
    },
    {
        "search_link": "https://twitter.com/search?q=%23NivaBupa&src=typed_query&f=top",
        "user_name": "Tewatia Brijesh",
        "user_handle": "/tewatia16",
        "tweet_date": "Aug 15",
        "timestamp": "2023-08-15T04:12:56.000Z",
        "tweet_content": "   \nDear Team , It's the 4th time when your commitment failed again. My AHC has not been conducted yet.\nThank you for proving again that you are the worst service provider.  Customer does not mean anything to you.\n  #NivaBupa    #wosrtservice",
        "replies": "1",
        "retweets": "",
        "likes": "1",
        "app": "NivaBupa"
    },
    {
        "search_link": "https://twitter.com/search?q=%23NivaBupa&src=typed_query&f=top",
        "user_name": "Rajnish Kakkar - Financial Advisor",
        "user_handle": "/RajnishKak45642",
        "tweet_date": "Aug 17",
        "timestamp": "2023-08-17T06:02:49.000Z",
        "tweet_content": "Are you afraid of Medical Treatment Bills ???\nGet Cashless claims settled in 30 minutes.\nCall us today and have Niva Bupa Health Insurance Plans\nBest investment plan agent in Panchkula\n #NivaBupaHealthInsurance    #nivabupa    #healthinsurance   #healthinsuranceadvisor \n #20_अगस्त_जयपुर_चलो",
        "replies": "",
        "retweets": "",
        "likes": "",
        "app": "NivaBupa"
    },
    {
        "search_link": "https://twitter.com/search?q=%23NivaBupa&src=typed_query&f=top",
        "user_name": "NivaBupa",
        "user_handle": "/Niva_Bupa",
        "tweet_date": "11h",
        "timestamp": "2023-08-22T06:29:32.000Z",
        "tweet_content": "Mariyam Siddique, a holder of Niva Bupa policy, found solace in our unwavering assistance during her laparoscopic myomectomy surgery. Witnessing the impact of our policy,   #NivaBupa   team works consistently surpass expectations day by day.\n #HealthInsurance",
        "replies": "3",
        "retweets": "",
        "likes": "1",
        "app": "NivaBupa"
    },
    {
        "search_link": "https://twitter.com/search?q=%23NivaBupa&src=typed_query&f=top",
        "user_name": "Gaurav Sharma",
        "user_handle": "/gaurav_sharma61",
        "tweet_date": "Aug 19",
        "timestamp": "2023-08-19T07:52:00.000Z",
        "tweet_content": "Reply speed bhi dekho aadhe aadhe ghnte tk bnda apna kaam chodkr wait kr rha.\nInsurance krate time ye log bolte hai 30 min cashless claim.\nDekhlo 4 din hogye    \n #fraud   #healthylifestyle   #healthcare   #insurance    #nivabupa  \n #HealthForAll",
        "replies": "",
        "retweets": "",
        "likes": "",
        "app": "NivaBupa"
    },
    {
        "search_link": "https://twitter.com/search?q=%23NivaBupa&src=typed_query&f=top",
        "user_name": "NivaBupa",
        "user_handle": "/Niva_Bupa",
        "tweet_date": "Aug 15",
        "timestamp": "2023-08-15T04:00:01.000Z",
        "tweet_content": "This Independence Day, free yourself from any constraints and live your life to the fullest with Niva Bupa Health Insurance. \n\nWishing you a very Happy Independence Day.\n\n  #nivabupa    #healthinsurance   #IndependenceDay",
        "replies": "13",
        "retweets": "1",
        "likes": "5",
        "app": "NivaBupa"
    },
    {
        "search_link": "https://twitter.com/search?q=%23NivaBupa&src=typed_query&f=top",
        "user_name": "Mohit Jangra",
        "user_handle": "/MohitJangr8862",
        "tweet_date": "Aug 13",
        "timestamp": "2023-08-13T10:12:21.000Z",
        "tweet_content": "Waiting for my final approval of cashless claim from yesterday morning and every time call centre tell me to wait for 4 hours and patient is not able to go home is this how you resolve customer service..\nWorst experience with both of these companies  #policybazaar .com   #NivaBupa",
        "replies": "2",
        "retweets": "1",
        "likes": "",
        "app": "NivaBupa"
    },
    {
        "search_link": "https://twitter.com/search?q=%23NivaBupa&src=typed_query&f=top",
        "user_name": "Amar Pandey",
        "user_handle": "/AmarPandeyIndia",
        "tweet_date": "Aug 17",
        "timestamp": "2023-08-17T06:52:03.000Z",
        "tweet_content": "pathetic experience with Niva Bupa So many lies just to save 6000 rs .\n   #mediclaim    #NivaBupa    #NivaBupaHealthCare \n #mediclaim_fraud \n",
        "replies": "",
        "retweets": "",
        "likes": "",
        "app": "NivaBupa"
    }
]