[
    {
        "search_link": "https://twitter.com/search?q=%23SBI%20%23Healthinsurance&src=typed_query&f=top",
        "user_name": "Tariq Mustafa",
        "user_handle": "/tariq_mustafa_",
        "tweet_date": "Jan 19, 2022",
        "timestamp": "2022-01-19T04:10:32.000Z",
        "tweet_content": "Feel free for contacting me for any detail , Now I will go consumer forum.\n #LifeInsurance \n  #healthinsurance  \n  #SBI  \n #licindiaforever",
        "replies": "",
        "retweets": "2",
        "likes": "",
        "app": "SBI"
    },
    {
        "search_link": "https://twitter.com/search?q=%23SBI%20%23Healthinsurance&src=typed_query&f=top",
        "user_name": "M Thirunavukarasu",
        "user_handle": "/Thiruthangam",
        "tweet_date": "Jan 31, 2019",
        "timestamp": "2019-01-31T05:17:24.000Z",
        "tweet_content": "A day without insurance is like day without sunshine.\nExpert advice:Thiru\nCall us:9710403448\nMail us:thiruthangam15@gmail.com\n #health   #insurance    #healthinsurance    #mediclaim   #Healthplan   #star   #national   #lifeinsurance   #religare    #sbi    #icici   #apollo   #thiru",
        "replies": "",
        "retweets": "",
        "likes": "",
        "app": "SBI"
    },
    null,
    {
        "search_link": "https://twitter.com/search?q=%23SBI%20%23Healthinsurance&src=typed_query&f=top",
        "user_name": "Bīmā Samādhāna ",
        "user_handle": "/BimaSamadhana",
        "tweet_date": "Jun 22, 2022",
        "timestamp": "2022-06-22T10:35:36.000Z",
        "tweet_content": "Biggest Bank Fraud:  #CBI  Books  #DHFL 's Kapil Wadhawan, Dheeraj Wadhawan in 34,000-Cr Case\n\n \n #Fraud   #Frauds   #InsuranceFraud    #HealthInsurance    #LifeInsurance   #IRDA   #IRDAI   #LifeInsuranceFraud   #Misselling   #BankFraud   #RBI    #SBI    #BimaSamadhan",
        "replies": "",
        "retweets": "",
        "likes": "",
        "app": "SBI"
    },
    {
        "search_link": "https://twitter.com/search?q=%23SBI%20%23Healthinsurance&src=typed_query&f=top",
        "user_name": "Aegis financial solutions",
        "user_handle": "/FinancialAegis",
        "tweet_date": "Mar 6, 2020",
        "timestamp": "2020-03-05T19:15:24.000Z",
        "tweet_content": "#guaranteed  it means something, invest today   9650202866. 100% guaranteed returns. \n \n #YesBank    #SBI    #Coronvirus   #Banking   #fixeddeposit   #YesToShutdownabscbn   #lifeinsurance    #healthinsurance    #Holi2020   #Holi   #WomensDay   #NirbhayaVerdict",
        "replies": "",
        "retweets": "",
        "likes": "",
        "app": "SBI"
    },
    {
        "search_link": "https://twitter.com/search?q=%23SBI%20%23Healthinsurance&src=typed_query&f=top",
        "user_name": "हम भारत के लोग।",
        "user_handle": "/awneesh123",
        "tweet_date": "May 24, 2020",
        "timestamp": "2020-05-24T10:13:38.000Z",
        "tweet_content": "Invest in retirement basket & become Atmanirbhar today. Call us at 8318275764 to know more\n #mutualfunds   #LIC   #FDs   #insurance   #financialplanning   #wealthmanagement   #lifeinsurance   #NRI    #sbi    #hdfc   #abslmf   #axismf   #icici   #icicimf   #birlasunlife  ,   #healthinsurance  \n #आत्मनिर्भर_भारत",
        "replies": "1",
        "retweets": "1",
        "likes": "2",
        "app": "SBI"
    },
    {
        "search_link": "https://twitter.com/search?q=%23SBI%20%23Healthinsurance&src=typed_query&f=top",
        "user_name": "Kunwar Prashant",
        "user_handle": "/KunwarP40752655",
        "tweet_date": "Jun 30, 2022",
        "timestamp": "2022-06-30T04:19:20.000Z",
        "tweet_content": " \nI bought the policy on 13th June,2022 but has not recieved soft copy of the policy yet. And customer care is not responding. This kind of unprofessional behaviour is not acceptable. \nHelp required \n #Health \n  #HealthInsurance  \n  #SBI",
        "replies": "",
        "retweets": "",
        "likes": "",
        "app": "SBI"
    },
    {
        "search_link": "https://twitter.com/search?q=%23SBI%20%23Healthinsurance&src=typed_query&f=top",
        "user_name": "State Bank of India",
        "user_handle": "/TheOfficialSBI",
        "tweet_date": "Jun 20, 2020",
        "timestamp": "2020-06-20T13:33:55.000Z",
        "tweet_content": "Buy Health Insurance on  #YONOSBI  in few easy steps. Visit:  \n  #SBI    #StateBankOfIndia    #HealthInsurance    #FathersDay",
        "replies": "6",
        "retweets": "4",
        "likes": "80",
        "app": "SBI"
    },
    {
        "search_link": "https://twitter.com/search?q=%23SBI%20%23Healthinsurance&src=typed_query&f=top",
        "user_name": "India Post",
        "user_handle": "/IndiaPost_News",
        "tweet_date": "Oct 25, 2019",
        "timestamp": "2019-10-25T14:15:44.000Z",
        "tweet_content": "Give a Financial Protection to your Family ... -   \nGet your news featured use  #IndiaPostUSA \n #CanaraHSBClife   #Finance   #FinancialGoals    #HealthInsurance    #Insurance   #LifeInsurance   #LifeInsurance    #SBI    #SetupFinance   #Sponsored   #TaxSaving   #TechbizBusiness",
        "replies": "",
        "retweets": "",
        "likes": "",
        "app": "SBI"
    },
    {
        "search_link": "https://twitter.com/search?q=%23SBI%20%23Healthinsurance&src=typed_query&f=top",
        "user_name": "Sandra Hinshelwood",
        "user_handle": "/Hinshelwood_S",
        "tweet_date": "Aug 6, 2022",
        "timestamp": "2022-08-06T06:45:10.000Z",
        "tweet_content": "#Healthinsurance   policies are meant to take care of our financial needs during the time of any sort of medical crisis. It is a must-have product in every person’s list of “essential items”. \n \n #insurance    #SBI",
        "replies": "",
        "retweets": "",
        "likes": "",
        "app": "SBI"
    },
    {
        "search_link": "https://twitter.com/search?q=%23SBI%20%23Healthinsurance&src=typed_query&f=top",
        "user_name": "Goodreturns Hindi",
        "user_handle": "/GoodreturnsHi",
        "tweet_date": "Mar 26, 2021",
        "timestamp": "2021-03-26T11:16:01.000Z",
        "tweet_content": "SBI के इस खास पॉलि‍सी में रोजाना जमा करें 100 रु, मिलेगा 2.5 करोड़ का कवर       #sbi     #healthinsurance    #healthinsurancepolicy   #इन्‍श्‍योरेंसपॉलिसी   #एसबीआई",
        "replies": "",
        "retweets": "",
        "likes": "2",
        "app": "SBI"
    },
    {
        "search_link": "https://twitter.com/search?q=%23SBI%20%23Healthinsurance&src=typed_query&f=top",
        "user_name": "CEO Insights",
        "user_handle": "/CEO__Insights",
        "tweet_date": "Apr 20, 2021",
        "timestamp": "2021-04-20T05:54:46.000Z",
        "tweet_content": "SBI General  #Insurance  Company said it is getting out to its  #Customers  connected to their  #Health  policies and claims process amidst the  #pandemic .\n\nRead More-  \n  #SBI    #LifeInsurance    #HealthInsurance    #Healthcare   #CEOInsights   #CoronaVirusIndia",
        "replies": "",
        "retweets": "",
        "likes": "2",
        "app": "SBI"
    },
    {
        "search_link": "https://twitter.com/search?q=%23SBI%20%23Healthinsurance&src=typed_query&f=top",
        "user_name": "Natarajan #KuchBhi",
        "user_handle": "/rama_nata",
        "tweet_date": "May 20, 2018",
        "timestamp": "2018-05-20T07:34:22.000Z",
        "tweet_content": "#HealthInsurance  ,  #RoyalSundaramInsurance ,  #SBIGeneralInsurance , SBI General Insurance,   #SBI  ,  #LoanInsurance",
        "replies": "",
        "retweets": "",
        "likes": "",
        "app": "SBI"
    },
    {
        "search_link": "https://twitter.com/search?q=%23SBI%20%23Healthinsurance&src=typed_query&f=top",
        "user_name": "Business Partner Mag",
        "user_handle": "/BizPartnerMag",
        "tweet_date": "Aug 6, 2022",
        "timestamp": "2022-08-06T06:45:10.000Z",
        "tweet_content": "#Healthinsurance   policies are meant to take care of our financial needs during the time of any sort of medical crisis. It is a must-have product in every person’s list of “essential items”. \n \n #insurance    #SBI",
        "replies": "",
        "retweets": "",
        "likes": "",
        "app": "SBI"
    },
    {
        "search_link": "https://twitter.com/search?q=%23SBI%20%23Healthinsurance&src=typed_query&f=top",
        "user_name": "Viral Bake",
        "user_handle": "/viralbake",
        "tweet_date": "Jan 18, 2022",
        "timestamp": "2022-01-18T10:11:35.000Z",
        "tweet_content": "Even As The Number Of Daily Cases Rises, SBI Withdraws Its Special Support Programme For Infected Employees \n.\n.\n #business   #banks   #Banking    #SBI    #Covid19   #Employee   #Insurance    #HealthInsurance",
        "replies": "",
        "retweets": "5",
        "likes": "5",
        "app": "SBI"
    },
    {
        "search_link": "https://twitter.com/search?q=%23SBI%20%23Healthinsurance&src=typed_query&f=top",
        "user_name": "Goodreturns Hindi",
        "user_handle": "/GoodreturnsHi",
        "tweet_date": "Sep 15, 2020",
        "timestamp": "2020-09-15T07:40:46.000Z",
        "tweet_content": "SBI अपने डेबिट कार्ड्स पर देता है Free बीमा, जान‍िए कितना       #sbi     #healthinsurance    #insurance   #debitcard   #बैंक   #एसबीआई   #डेबिटकार्ड   #बीमा   #इंश्योरेंस   #हेल्थइंश्योरेंस",
        "replies": "",
        "retweets": "1",
        "likes": "",
        "app": "SBI"
    },
    {
        "search_link": "https://twitter.com/search?q=%23SBI%20%23Healthinsurance&src=typed_query&f=top",
        "user_name": "ET NOW",
        "user_handle": "/ETNOWlive",
        "tweet_date": "Jul 15",
        "timestamp": "2023-07-15T04:33:28.000Z",
        "tweet_content": "SBI Aarogya Shield: Health Plus Life combi plan - eligibility, advantages, plan benefits \n\n #SBIAarogyShield    #SBI     #healthinsurance",
        "replies": "3",
        "retweets": "",
        "likes": "4",
        "app": "SBI"
    },
    {
        "search_link": "https://twitter.com/search?q=%23SBI%20%23Healthinsurance&src=typed_query&f=top",
        "user_name": "TV9 Bharatvarsh",
        "user_handle": "/TV9Bharatvarsh",
        "tweet_date": "Dec 17, 2020",
        "timestamp": "2020-12-17T10:08:21.000Z",
        "tweet_content": "#WhatsApp  के जरिए आप खरीद सकेंगे इंश्योरेंस पॉलिसी समेत ये चीजें, जानिए क्या है पूरा प्लान\n  #SBI   |  #GeneralInsurance  |   #Healthinsurance   | #HDFC",
        "replies": "1",
        "retweets": "",
        "likes": "9",
        "app": "SBI"
    },
    {
        "search_link": "https://twitter.com/search?q=%23SBI%20%23Healthinsurance&src=typed_query&f=top",
        "user_name": "ET Wealth",
        "user_handle": "/ET_Wealth",
        "tweet_date": "Sep 11, 2020",
        "timestamp": "2020-09-11T07:30:00.000Z",
        "tweet_content": ".  includes  #Covid19   #treatment  under medical  #insurance  scheme for  #retired   #employees \n  #SBI     #healthinsurance",
        "replies": "",
        "retweets": "",
        "likes": "1",
        "app": "SBI"
    },
    {
        "search_link": "https://twitter.com/search?q=%23SBI%20%23Healthinsurance&src=typed_query&f=top",
        "user_name": "Zee Tamil News",
        "user_handle": "/ZeeTamilNews",
        "tweet_date": "Dec 19, 2020",
        "timestamp": "2020-12-19T02:30:00.000Z",
        "tweet_content": "இனி காப்பீடு, ஓய்வூதிய திட்டங்களை Whatsapp மூலம் பெறலாம் - முழு விவரம் இதோ!\n\n #WhatsApp \n  #healthinsurance  \n #whatsappwonderbox \n  #SBI  \n #hdfcbank",
        "replies": "",
        "retweets": "",
        "likes": "4",
        "app": "SBI"
    },
    {
        "search_link": "https://twitter.com/search?q=%23SBI%20%23Healthinsurance&src=typed_query&f=top",
        "user_name": "India Blooms",
        "user_handle": "/indiablooms",
        "tweet_date": "Jul 8, 2021",
        "timestamp": "2021-07-08T09:29:17.000Z",
        "tweet_content": "SBI General Insurance launches 'Arogya Supreme' Health Insurance plan | Indiablooms - First Portal on Digital News Management  \n  #SBI  ,  #ArogyaSupreme ,   #HealthInsurance",
        "replies": "",
        "retweets": "",
        "likes": "",
        "app": "SBI"
    },
    {
        "search_link": "https://twitter.com/search?q=%23SBI%20%23Healthinsurance&src=typed_query&f=top",
        "user_name": "Asianetnews Hindi",
        "user_handle": "/AsianetNewsHN",
        "tweet_date": "Jan 5, 2022",
        "timestamp": "2022-01-05T16:10:00.000Z",
        "tweet_content": "SBI General Insurance बताएगा   #HealthInsurance   से कैसे हो सकती है  #TaxSaving \n #Tax   #Banking    #SBI",
        "replies": "",
        "retweets": "",
        "likes": "",
        "app": "SBI"
    },
    {
        "search_link": "https://twitter.com/search?q=%23SBI%20%23Healthinsurance&src=typed_query&f=top",
        "user_name": "Indian Express Tamil",
        "user_handle": "/IeTamil",
        "tweet_date": "Oct 28, 2021",
        "timestamp": "2021-10-28T09:57:34.000Z",
        "tweet_content": "மருத்துவ காப்பீடு வாங்க விரும்புகிறீர்களா? எஸ்பிஐ ஜெனரல் இன்ஸ்யூரன்ஸ் கூகுள் பே உடன் இணைந்து வழங்கும் எளிய மருத்தவ காப்பீடு பற்றி தெரிந்துக்கொள்ளுங்கள்\n  #SBI     #healthinsurance  \n",
        "replies": "",
        "retweets": "",
        "likes": "",
        "app": "SBI"
    }
]