[
    {
        "search_link": "https://twitter.com/search?q=%23SBIGeneralinsurance&src=typed_query&f=top",
        "user_name": "Bal Krishna Jha",
        "user_handle": "/_Bal_Krishna",
        "tweet_date": "Jan 15",
        "timestamp": "2023-01-15T11:08:16.000Z",
        "tweet_content": "Wishing all a Very Happy Makar Sankranti.  #SBIGeneralInsurance    #HappyMakarSankranti   #MakarSankranti  Many thanks to   ",
        "replies": "1",
        "retweets": "2",
        "likes": "2",
        "app": "SBI"
    },
    {
        "search_link": "https://twitter.com/search?q=%23SBIGeneralinsurance&src=typed_query&f=top",
        "user_name": "Strootaay Unlisted Brokers LLP",
        "user_handle": "/StrootaayIN",
        "tweet_date": "Jun 21",
        "timestamp": "2023-06-21T08:02:06.000Z",
        "tweet_content": "SBI General Insurance reported a 17.6% growth in Gross Written Premium (GWP) in FY 2022-23 and the GWP stood at INR 10,888 crore.\n\nTo know the CMP of SBI General Insurance, Please contact us at +91 9342423889.\n\n #unlistedshares   #preipo   #sbigeneral    #sbigeneralinsurance",
        "replies": "",
        "retweets": "",
        "likes": "",
        "app": "SBI"
    },
    null,
    {
        "search_link": "https://twitter.com/search?q=%23SBIGeneralinsurance&src=typed_query&f=top",
        "user_name": "Nitish KC",
        "user_handle": "/Nitish_nix",
        "tweet_date": "Apr 17",
        "timestamp": "2023-04-17T10:08:17.000Z",
        "tweet_content": "Cover\n\n  #SBIGeneralInsurance    #Scramble   #InsuranceWord   #GuessIt   #Insurance \nJoin  \n \n \n \n \n \n \n",
        "replies": "",
        "retweets": "",
        "likes": "",
        "app": "SBI"
    },
    {
        "search_link": "https://twitter.com/search?q=%23SBIGeneralinsurance&src=typed_query&f=top",
        "user_name": "Harika",
        "user_handle": "/GajjalaHarika1",
        "tweet_date": "Feb 27",
        "timestamp": "2023-02-27T07:46:37.000Z",
        "tweet_content": "CLAIM SETTLEMENT \n\n \n #BaatHaiBharoseKi \n  #SBIGeneralInsurance    #Scrambles   #GuessTheWord   #Insurance   #GeneralInsurance   #GuessIt \nTag\n \n \n",
        "replies": "",
        "retweets": "",
        "likes": "1",
        "app": "SBI"
    },
    {
        "search_link": "https://twitter.com/search?q=%23SBIGeneralinsurance&src=typed_query&f=top",
        "user_name": "Ram Krishna Jaiswal",
        "user_handle": "/RamKJaiswal",
        "tweet_date": "Jul 19",
        "timestamp": "2023-07-19T07:33:50.000Z",
        "tweet_content": "Very Impressed with the expedited processing by   Motor Insurance.. Simply Worldclass!\n\nSpecial mention for Mr. Supriyo Adhikari, Surveyor   #SBIGeneralInsurance   for prompt response & brilliant  #CustomerCare !\n\n Ram Krishna Jaiswal ",
        "replies": "",
        "retweets": "",
        "likes": "",
        "app": "SBI"
    },
    {
        "search_link": "https://twitter.com/search?q=%23SBIGeneralinsurance&src=typed_query&f=top",
        "user_name": "kishorek",
        "user_handle": "/coolkishore59",
        "tweet_date": "Mar 4",
        "timestamp": "2023-03-04T06:08:21.000Z",
        "tweet_content": "TRAVEL SUPPORT\n\n  #SBIGeneralInsurance    #Insurance \n #GuessIt   #GuessthewordChallenge \n",
        "replies": "",
        "retweets": "",
        "likes": "",
        "app": "SBI"
    },
    {
        "search_link": "https://twitter.com/search?q=%23SBIGeneralinsurance&src=typed_query&f=top",
        "user_name": "Shanti VB",
        "user_handle": "/ShantiVB6",
        "tweet_date": "Apr 17",
        "timestamp": "2023-04-17T03:59:40.000Z",
        "tweet_content": "Cover\n\n  #SBIGeneralInsurance    #Scramble   #InsuranceWord   #GuessIt   #Insurance",
        "replies": "",
        "retweets": "",
        "likes": "",
        "app": "SBI"
    },
    {
        "search_link": "https://twitter.com/search?q=%23SBIGeneralinsurance&src=typed_query&f=top",
        "user_name": "Avik Sahoo",
        "user_handle": "/AvikSahoo",
        "tweet_date": "Jun 15",
        "timestamp": "2023-06-15T09:51:19.000Z",
        "tweet_content": "General insurance has been opened from the bank without my knowledge and 200 rupees is being deducted every year. I want to stop general insurance and want refund but bank is not giving NOC. How can my unwilling bank do this  #sbi   #sbigeneralinsuarence \n #SBI    #SBIGENERALINSURANCE",
        "replies": "1",
        "retweets": "",
        "likes": "",
        "app": "SBI"
    },
    {
        "search_link": "https://twitter.com/search?q=%23SBIGeneralinsurance&src=typed_query&f=top",
        "user_name": "Sherni Rathor",
        "user_handle": "/hey_its_amisha",
        "tweet_date": "Apr 17",
        "timestamp": "2023-04-17T07:12:10.000Z",
        "tweet_content": "Cover\n\n  #SBIGeneralInsurance    #Scramble   #InsuranceWord   #GuessIt   #Insurance",
        "replies": "",
        "retweets": "",
        "likes": "",
        "app": "SBI"
    },
    {
        "search_link": "https://twitter.com/search?q=%23SBIGeneralinsurance&src=typed_query&f=top",
        "user_name": "Ayush Badode",
        "user_handle": "/badodeayush",
        "tweet_date": "Apr 22",
        "timestamp": "2023-04-22T07:58:01.000Z",
        "tweet_content": "#SBIGeneralInsurance    #Insurance \nWhat a bogus company is it ? not giving a satisfied response to me",
        "replies": "",
        "retweets": "",
        "likes": "",
        "app": "SBI"
    },
    {
        "search_link": "https://twitter.com/search?q=%23SBIGeneralinsurance&src=typed_query&f=top",
        "user_name": "Nikhil Anand",
        "user_handle": "/NikhilAk84",
        "tweet_date": "Apr 17",
        "timestamp": "2023-04-17T08:59:40.000Z",
        "tweet_content": "COVER \n\n \n  #SBIGeneralInsurance    #Scramble   #InsuranceWord   #GuessIt   #Insurance",
        "replies": "",
        "retweets": "",
        "likes": "",
        "app": "SBI"
    },
    {
        "search_link": "https://twitter.com/search?q=%23SBIGeneralinsurance&src=typed_query&f=top",
        "user_name": "JhumJhummanna",
        "user_handle": "/JhumJhummanna",
        "tweet_date": "Apr 17",
        "timestamp": "2023-04-17T13:23:03.000Z",
        "tweet_content": "COVER  \n  #SBIGeneralInsurance    #Scramble   #InsuranceWord   #GuessIt   #Insurance \n",
        "replies": "",
        "retweets": "",
        "likes": "",
        "app": "SBI"
    },
    {
        "search_link": "https://twitter.com/search?q=%23SBIGeneralinsurance&src=typed_query&f=top",
        "user_name": "Rawhul Tripathy ",
        "user_handle": "/Raw_hotstepper",
        "tweet_date": "Feb 26",
        "timestamp": "2023-02-26T13:34:07.000Z",
        "tweet_content": "CLAIM SETTLEMENT \n #BaatHaiBharoseKi    #SBIGeneralInsurance    #Scrambles   #GuessTheWord   #Insurance   #GeneralInsurance   #GuessIt \n  ",
        "replies": "",
        "retweets": "",
        "likes": "",
        "app": "SBI"
    },
    {
        "search_link": "https://twitter.com/search?q=%23SBIGeneralinsurance&src=typed_query&f=top",
        "user_name": "JhumJhummanna",
        "user_handle": "/JhumJhummanna",
        "tweet_date": "Feb 26",
        "timestamp": "2023-02-26T12:41:13.000Z",
        "tweet_content": "CLAIM SETTLEMENT \n\n #BaatHaiBharoseKi \n  #SBIGeneralInsurance    #Scrambles   #GuessTheWord   #Insurance   #GeneralInsurance   #GuessIt \n",
        "replies": "",
        "retweets": "",
        "likes": "",
        "app": "SBI"
    },
    {
        "search_link": "https://twitter.com/search?q=%23SBIGeneralinsurance&src=typed_query&f=top",
        "user_name": "Rajni Rani",
        "user_handle": "/rajniaggarwal99",
        "tweet_date": "Apr 18",
        "timestamp": "2023-04-18T15:31:34.000Z",
        "tweet_content": "Cover\n\n  #SBIGeneralInsurance    #Scramble   #InsuranceWord   #GuessIt   #Insurance",
        "replies": "",
        "retweets": "",
        "likes": "",
        "app": "SBI"
    },
    {
        "search_link": "https://twitter.com/search?q=%23SBIGeneralinsurance&src=typed_query&f=top",
        "user_name": "Priyanka Maheshwari",
        "user_handle": "/itsPriynkaM",
        "tweet_date": "Apr 17",
        "timestamp": "2023-04-17T08:30:46.000Z",
        "tweet_content": "COVER  \n \n  #SBIGeneralInsurance    #Scramble   #InsuranceWord   #GuessIt   #Insurance",
        "replies": "",
        "retweets": "",
        "likes": "",
        "app": "SBI"
    },
    {
        "search_link": "https://twitter.com/search?q=%23SBIGeneralinsurance&src=typed_query&f=top",
        "user_name": "Lakshmi Prasad",
        "user_handle": "/bambino288",
        "tweet_date": "Feb 28",
        "timestamp": "2023-02-28T04:00:05.000Z",
        "tweet_content": "Today we celebrate  #NationalScienceDay  in the honour of Nobel Prize winner C.V. Raman for his discovery of “The Raman Effect”\n\nTo that, we propose “The Insurance Spectrum” of Suraksha Aur Bharosa Dono. \n\n  #SBIGeneralInsurance    #Science   #NationalScienceDay   #Suraksha   #Insurance",
        "replies": "",
        "retweets": "",
        "likes": "",
        "app": "SBI"
    },
    {
        "search_link": "https://twitter.com/search?q=%23SBIGeneralinsurance&src=typed_query&f=top",
        "user_name": "KULDEEP RAJ",
        "user_handle": "/MrRajput2212",
        "tweet_date": "Mar 26",
        "timestamp": "2023-03-26T15:12:47.000Z",
        "tweet_content": "ANSWER IS CYBER SURAKSHA\n\n  #SBIGeneralInsurance    #Cyber   #Scramble   #GuessIt   #Security \n \n \nI hope your followers increase day by day. \nAll steps done wish to win. \n \n \n \n \n \n",
        "replies": "",
        "retweets": "",
        "likes": "1",
        "app": "SBI"
    },
    {
        "search_link": "https://twitter.com/search?q=%23SBIGeneralinsurance&src=typed_query&f=top",
        "user_name": "Niharika Majumder",
        "user_handle": "/NiharikaMajumd4",
        "tweet_date": "Mar 28",
        "timestamp": "2023-03-27T18:32:37.000Z",
        "tweet_content": "CYBER \nSURAKSHA\n\n  #SBIGeneralInsurance    #Cyber   #Scramble   #GuessIt   #Security \n  \nTagging     ",
        "replies": "",
        "retweets": "",
        "likes": "1",
        "app": "SBI"
    },
    {
        "search_link": "https://twitter.com/search?q=%23SBIGeneralinsurance&src=typed_query&f=top",
        "user_name": "Prosenjit dhali",
        "user_handle": "/Prosenjit736386",
        "tweet_date": "Mar 19",
        "timestamp": "2023-03-19T02:21:46.000Z",
        "tweet_content": "DREAM CAR\n\n \n  #SBIGeneralInsurance    #Car   #MotorInsurance   #Scramble",
        "replies": "",
        "retweets": "",
        "likes": "",
        "app": "SBI"
    },
    {
        "search_link": "https://twitter.com/search?q=%23SBIGeneralinsurance&src=typed_query&f=top",
        "user_name": "Lalitha Kiranmai",
        "user_handle": "/Lalli_Kiranmai",
        "tweet_date": "Apr 17",
        "timestamp": "2023-04-17T10:35:48.000Z",
        "tweet_content": "Cover\n\n  #SBIGeneralInsurance    #Scramble   #InsuranceWord   #GuessIt   #Insurance",
        "replies": "",
        "retweets": "",
        "likes": "",
        "app": "SBI"
    },
    {
        "search_link": "https://twitter.com/search?q=%23SBIGeneralinsurance&src=typed_query&f=top",
        "user_name": "Tarun Kumar",
        "user_handle": "/taruns642",
        "tweet_date": "Apr 17",
        "timestamp": "2023-04-17T15:06:33.000Z",
        "tweet_content": "Cover\n\n  #SBIGeneralInsurance    #Scramble   #InsuranceWord   #GuessIt   #Insurance",
        "replies": "",
        "retweets": "",
        "likes": "",
        "app": "SBI"
    },
    {
        "search_link": "https://twitter.com/search?q=%23SBIGeneralinsurance&src=typed_query&f=top",
        "user_name": "Prosenjit dhali",
        "user_handle": "/Prosenjit736386",
        "tweet_date": "Mar 19",
        "timestamp": "2023-03-19T02:20:21.000Z",
        "tweet_content": "PREMIUM\n\n \n  #SBIGeneralInsurance    #Scramble   #Health   #GuessIt",
        "replies": "",
        "retweets": "",
        "likes": "",
        "app": "SBI"
    },
    {
        "search_link": "https://twitter.com/search?q=%23SBIGeneralinsurance&src=typed_query&f=top",
        "user_name": "Arvind",
        "user_handle": "/arvindr3",
        "tweet_date": "Mar 3",
        "timestamp": "2023-03-03T07:45:28.000Z",
        "tweet_content": "#SBIGeneralInsurance    #Insurance   #GuessIt   #GuessthewordChallenge   TRAVEL SUPPORT",
        "replies": "",
        "retweets": "",
        "likes": "",
        "app": "SBI"
    },
    {
        "search_link": "https://twitter.com/search?q=%23SBIGeneralinsurance&src=typed_query&f=top",
        "user_name": "devk",
        "user_handle": "/deveshchahal25",
        "tweet_date": "Jul 11",
        "timestamp": "2023-07-11T17:08:05.000Z",
        "tweet_content": "I purchased motor vehicle insurance policy number P012706231026759\nOn 27 june 2023\nTill today\nMy policy is not updated on the online\nI called many times to customer care\nNo good response is provided\nWhat should i do now\n    #sbigeneralinsurance  \n #insurance  ",
        "replies": "1",
        "retweets": "",
        "likes": "",
        "app": "SBI"
    },
    {
        "search_link": "https://twitter.com/search?q=%23SBIGeneralinsurance&src=typed_query&f=top",
        "user_name": "brajendra kumar",
        "user_handle": "/brajendrakumar3",
        "tweet_date": "Jul 12",
        "timestamp": "2023-07-12T09:31:42.000Z",
        "tweet_content": "#SBI  providing general insurance and in the name of claim settlement they are expecting that the customer should be leads to death then these guys are going to consider it as accident  #irdai    #sbigeneralinsurance",
        "replies": "3",
        "retweets": "",
        "likes": "",
        "app": "SBI"
    },
    {
        "search_link": "https://twitter.com/search?q=%23SBIGeneralinsurance&src=typed_query&f=top",
        "user_name": "BWIndia",
        "user_handle": "/BWIndia",
        "tweet_date": "Jul 17",
        "timestamp": "2023-07-17T10:45:07.000Z",
        "tweet_content": ".  Partners with SBI General Insurance\n\n  #SBIGeneralInsurance    #Insurance   #healthinsurance \n",
        "replies": "",
        "retweets": "",
        "likes": "",
        "app": "SBI"
    },
    {
        "search_link": "https://twitter.com/search?q=%23SBIGeneralinsurance&src=typed_query&f=top",
        "user_name": "Bajaj Markets",
        "user_handle": "/BajajMARKETS",
        "tweet_date": "Aug 3",
        "timestamp": "2023-08-03T07:00:33.000Z",
        "tweet_content": "Time for safe rides!\nExtremely delighted to partner with   Insurance. Get set to savour economical premium, fabulous CSR and add-on covers which will only enhance the benefits of your coverage.\n\nSafe travels, to you all :)\n\n  #SBIGeneralInsurance    #BajajMarkets   #newpartner",
        "replies": "",
        "retweets": "",
        "likes": "",
        "app": "SBI"
    },
    {
        "search_link": "https://twitter.com/search?q=%23SBIGeneralinsurance&src=typed_query&f=top",
        "user_name": "mastertrust",
        "user_handle": "/master_trust",
        "tweet_date": "Feb 28",
        "timestamp": "2023-02-28T05:00:12.000Z",
        "tweet_content": "3i Infotech bags DWBI Managed Services deal with SBI General Insurance, will boost investor confidence  #3iinfotech   #nse   #bse    #sbigeneralinsurance    #stockstowatch   #investing   #india   #wealth   #mastertrust",
        "replies": "",
        "retweets": "",
        "likes": "",
        "app": "SBI"
    },
    {
        "search_link": "https://twitter.com/search?q=%23SBIGeneralinsurance&src=typed_query&f=top",
        "user_name": "ET BFSI",
        "user_handle": "/ETBFSI",
        "tweet_date": "Aug 7",
        "timestamp": "2023-08-07T08:40:34.000Z",
        "tweet_content": "In a recent interaction, Kishore Kumar Poludasu, MD & CEO,   #SBIGeneralInsurance   said that the company is actively expanding distribution tie-ups, and plans to intensify efforts in the semi-urban & rural markets. \n\n #digital   #irdai  \nRead full interview here:",
        "replies": "",
        "retweets": "",
        "likes": "",
        "app": "SBI"
    },
    {
        "search_link": "https://twitter.com/search?q=%23SBIGeneralinsurance&src=typed_query&f=top",
        "user_name": "Investment Guru India",
        "user_handle": "/InvGurInd",
        "tweet_date": "Jul 18",
        "timestamp": "2023-07-18T06:52:10.000Z",
        "tweet_content": "Bajaj Finserv rises as its arm collaborates with SBI General Insurance\n\n \n #StockMarket   #NBFC    #SBIGeneralInsurance      #Investmentguruindia",
        "replies": "",
        "retweets": "",
        "likes": "",
        "app": "SBI"
    },
    {
        "search_link": "https://twitter.com/search?q=%23SBIGeneralinsurance&src=typed_query&f=top",
        "user_name": "AR Live news",
        "user_handle": "/ARLivenews1",
        "tweet_date": "May 3",
        "timestamp": "2023-05-03T14:09:57.000Z",
        "tweet_content": "#SBI    #SBIGeneralInsurance    #ACBRajasthan   #Rajasthan   #RajasthanNews   #BarmerRajasthan   #BarmerNews  \nएसबीआई जनरल इश्योरेंस का रीजनल मैनेजर 20 हजार की रिश्वत लेते गिरफ्तार via ",
        "replies": "",
        "retweets": "",
        "likes": "1",
        "app": "SBI"
    },
    {
        "search_link": "https://twitter.com/search?q=%23SBIGeneralinsurance&src=typed_query&f=top",
        "user_name": "Jais George",
        "user_handle": "/jais_george",
        "tweet_date": "Mar 2",
        "timestamp": "2023-03-02T03:00:17.000Z",
        "tweet_content": "Innovation speed is essential for success in the BFSI sector  #Bfsi   #Digital   #Digilab   #AnandPejawar   #DeutscheBankGroup   #Cbdc   #Fintech    #SbiGeneralInsurance    #EtcioBfsiDigitalConclave",
        "replies": "",
        "retweets": "",
        "likes": "",
        "app": "SBI"
    },
    {
        "search_link": "https://twitter.com/search?q=%23SBIGeneralinsurance&src=typed_query&f=top",
        "user_name": "Bizz Buzz",
        "user_handle": "/BizzBuzzNews",
        "tweet_date": "May 24",
        "timestamp": "2023-05-24T04:35:33.000Z",
        "tweet_content": "SBI General Insurance unveils Surety Bond Insurance   #SBIGeneralInsurance    #SuretyInsurance",
        "replies": "",
        "retweets": "",
        "likes": "",
        "app": "SBI"
    },
    {
        "search_link": "https://twitter.com/search?q=%23SBIGeneralinsurance&src=typed_query&f=top",
        "user_name": "Harshita Pandey",
        "user_handle": "/Hemendr72117185",
        "tweet_date": "Apr 24",
        "timestamp": "2023-04-24T02:16:21.000Z",
        "tweet_content": "#Tatamotors   #ceotatamotors   #tatamotorcoustomercare   #tatamotorpvbu    #sbigeneralinsurance    #tatamotorscar \nMy vehicle UP60AX0186 reported to punnet auto sales Azamgarh for minor accidental repair from date 16.04.203 till counting. Till now no  response from workshop.",
        "replies": "2",
        "retweets": "",
        "likes": "",
        "app": "SBI"
    },
    {
        "search_link": "https://twitter.com/search?q=%23SBIGeneralinsurance&src=typed_query&f=top",
        "user_name": "EquityBulls.com",
        "user_handle": "/equitybulls",
        "tweet_date": "Feb 28",
        "timestamp": "2023-02-28T17:00:52.000Z",
        "tweet_content": "3i Infotech signs an INR 16.5 Cr Oracle DWBI Managed Services deal with SBI General Insurance\n\n #3iInfotech   #INE748C01038   #OracleDataWarehouse   #BusinessIntelligence   #ManagedServices    #SBIGeneralInsurance  \n",
        "replies": "",
        "retweets": "2",
        "likes": "6",
        "app": "SBI"
    },
    {
        "search_link": "https://twitter.com/search?q=%23SBIGeneralinsurance&src=typed_query&f=top",
        "user_name": "Bharathi Devl",
        "user_handle": "/bd1871624",
        "tweet_date": "Apr 17",
        "timestamp": "2023-04-17T12:55:21.000Z",
        "tweet_content": "COVER\n\n  #SBIGeneralInsurance    #Scramble   #InsuranceWord   #GuessIt   #Insurance \n  \nGuys Participate \n \n \n",
        "replies": "",
        "retweets": "",
        "likes": "",
        "app": "SBI"
    },
    {
        "search_link": "https://twitter.com/search?q=%23SBIGeneralinsurance&src=typed_query&f=top",
        "user_name": "Arpan Sharma",
        "user_handle": "/arpansharma012",
        "tweet_date": "Mar 8",
        "timestamp": "2023-03-08T03:36:05.000Z",
        "tweet_content": "प्रेम, सद्भाव, समरसता और रंगों से भरा होली का यह पावन पर्व नकारात्मकता और द्वेष का दहन कर आपके जीवन में सुख, शांति और समृद्धि लाए। \n\nहोली की अशेष शुभकामनाएं!\n  #HappyHoli \n #HappyHoli2023    #SBIGeneralInsurance  \n #Holi   #FestivalofColours \n #Colours \n #SurakshaAurBharosaDono \n",
        "replies": "",
        "retweets": "",
        "likes": "",
        "app": "SBI"
    },
    {
        "search_link": "https://twitter.com/search?q=%23SBIGeneralinsurance&src=typed_query&f=top",
        "user_name": "Bharathi Devl",
        "user_handle": "/bd1871624",
        "tweet_date": "Mar 27",
        "timestamp": "2023-03-27T04:24:53.000Z",
        "tweet_content": "CYBER SURAKSHA\n\n  #SBIGeneralInsurance    #Cyber   #Scramble   #GuessIt   #Security \n  \nGuys Participate \n \n \n",
        "replies": "",
        "retweets": "",
        "likes": "",
        "app": "SBI"
    },
    {
        "search_link": "https://twitter.com/search?q=%23SBIGeneralinsurance&src=typed_query&f=top",
        "user_name": "Dattatray84 #XiaomiTurns9",
        "user_handle": "/Dattatray_84",
        "tweet_date": "Apr 17",
        "timestamp": "2023-04-17T08:53:46.000Z",
        "tweet_content": "Cover \n\n  #SBIGeneralInsurance    #Scramble   #InsuranceWord   #GuessIt   #Insurance",
        "replies": "",
        "retweets": "",
        "likes": "",
        "app": "SBI"
    },
    {
        "search_link": "https://twitter.com/search?q=%23SBIGeneralinsurance&src=typed_query&f=top",
        "user_name": "INDIA CSR",
        "user_handle": "/INDIACSR",
        "tweet_date": "Jan 20",
        "timestamp": "2023-01-20T13:00:52.000Z",
        "tweet_content": "CSR: Collaboration to Improve Road Safety: SBI General Insurance and Partners Join Forces \n  #SBIGeneralInsurance    #CorporateSocialResponsibility   #CSR   #IndiaCSR   #India  ",
        "replies": "",
        "retweets": "1",
        "likes": "1",
        "app": "SBI"
    },
    {
        "search_link": "https://twitter.com/search?q=%23SBIGeneralinsurance&src=typed_query&f=top",
        "user_name": "kutle khan project",
        "user_handle": "/kutlekhan",
        "tweet_date": "Mar 31",
        "timestamp": "2023-03-31T07:02:34.000Z",
        "tweet_content": "जिस मिट्टी में गुज़रा बचपन, जहाँ के हर मोड़ से है मेरी पहचान, आज दिन है उस राज्य के गुण गान का, तो आइए मिलकर करें इसे सलाम। मेरी और   ki ओर से आपको राजस्थान दिवस की ढेर सारी बधाई हो।\n\n  #SBIGeneralInsurance    #RajasthanDay     #AmritMahotsav",
        "replies": "",
        "retweets": "",
        "likes": "1",
        "app": "SBI"
    },
    {
        "search_link": "https://twitter.com/search?q=%23SBIGeneralinsurance&src=typed_query&f=top",
        "user_name": "kamlesh yadav",
        "user_handle": "/kamlesh54361632",
        "tweet_date": "Feb 6",
        "timestamp": "2023-02-06T03:52:09.000Z",
        "tweet_content": "SBI GENERAL INSURANCE DOING FRAUD WITH ITS CUSTOMERS..\n  #SBIGENERALINSURANCE  \n #healthministry",
        "replies": "",
        "retweets": "",
        "likes": "",
        "app": "SBI"
    },
    {
        "search_link": "https://twitter.com/search?q=%23SBIGeneralinsurance&src=typed_query&f=top",
        "user_name": "ET Now Swadesh",
        "user_handle": "/ETNowSwadesh",
        "tweet_date": "Jan 13",
        "timestamp": "2023-01-13T11:15:07.000Z",
        "tweet_content": "पॉलिसी खरीदने के लिए KYC जरूरी\n\n  #SBIGeneralInsurance",
        "replies": "",
        "retweets": "",
        "likes": "1",
        "app": "SBI"
    },
    {
        "search_link": "https://twitter.com/search?q=%23SBIGeneralinsurance&src=typed_query&f=top",
        "user_name": "Zee Business",
        "user_handle": "/ZeeBusiness",
        "tweet_date": "Apr 21",
        "timestamp": "2023-04-21T12:17:27.000Z",
        "tweet_content": "#SBIGeneralInsurance  's net  #income  surged 40 per cent year-on-year to Rs 184 crore in FY23 on a gross written premium income of Rs 10,888 crore.\n\nREAD MORE:",
        "replies": "",
        "retweets": "",
        "likes": "10",
        "app": "SBI"
    },
    {
        "search_link": "https://twitter.com/search?q=%23SBIGeneralinsurance&src=typed_query&f=top",
        "user_name": "Jais George",
        "user_handle": "/jais_george",
        "tweet_date": "May 29",
        "timestamp": "2023-05-29T05:30:13.000Z",
        "tweet_content": "Anand Pejawar, SBI General Insurance on how digitalisation is shaping the insurance industry trends  #Digitalisation   #Digital    #SbiGeneralInsurance    #Iot   #AnandPejawar",
        "replies": "",
        "retweets": "",
        "likes": "",
        "app": "SBI"
    },
    {
        "search_link": "https://twitter.com/search?q=%23SBIGeneralinsurance&src=typed_query&f=top",
        "user_name": "UMAKANT MAINPURI",
        "user_handle": "/MainpuriUmakant",
        "tweet_date": "Jan 15",
        "timestamp": "2023-01-15T07:12:17.000Z",
        "tweet_content": "#SBIGeneralInsurance  \nसर कस्टोमर केयर से समस्या समाधान नही हो रहा है और क्लैम टीम से संपर्क नहीं होता क्या करे\nप्लीज़ बताएँ",
        "replies": "",
        "retweets": "",
        "likes": "1",
        "app": "SBI"
    },
    {
        "search_link": "https://twitter.com/search?q=%23SBIGeneralinsurance&src=typed_query&f=top",
        "user_name": "ET Now Swadesh",
        "user_handle": "/ETNowSwadesh",
        "tweet_date": "Jan 13",
        "timestamp": "2023-01-13T11:09:40.000Z",
        "tweet_content": "#SwadeshKhabar \n इंश्योरेंस सेक्टर में हुए कई बदलाव\n पॉलिसी खरीदने के लिए अब KYC जरूरी\n\nदेखिए SBI General Insurance के Dy MD, आनंद पेजावर से खास बातचीत\n\n      #SBIGeneralInsurance   ",
        "replies": "1",
        "retweets": "1",
        "likes": "6",
        "app": "SBI"
    },
    {
        "search_link": "https://twitter.com/search?q=%23SBIGeneralinsurance&src=typed_query&f=top",
        "user_name": "EquityBulls.com",
        "user_handle": "/equitybulls",
        "tweet_date": "May 31",
        "timestamp": "2023-05-31T12:27:56.000Z",
        "tweet_content": "SBI General Insurance adopts Strategic Initiatives to Drive Insurance Awareness and Penetration in Meghalaya\n\n #StateBankofIndia   #INE062A01020    #SBIGeneralInsurance    #InsurancePenetration   #Meghalaya \n",
        "replies": "",
        "retweets": "",
        "likes": "2",
        "app": "SBI"
    },
    {
        "search_link": "https://twitter.com/search?q=%23SBIGeneralinsurance&src=typed_query&f=top",
        "user_name": "Medinova Shatabdi Hospital",
        "user_handle": "/MedinovaSatabdi",
        "tweet_date": "Mar 18",
        "timestamp": "2023-03-18T08:57:59.000Z",
        "tweet_content": "आरोग्य संबंधित संकटाची चिंता आता नाही. \nआनंद घ्या संपूर्ण कॅशलेस आरोग्य सुविधेचा...\n\n  #SBIGeneralInsurance    #Cashless   #CashlessPolicy   #SBI   #mediclaim   #mediclaiminsurance",
        "replies": "",
        "retweets": "",
        "likes": "",
        "app": "SBI"
    },
    {
        "search_link": "https://twitter.com/search?q=%23SBIGeneralinsurance&src=typed_query&f=top",
        "user_name": "Indian Green Building Council (IGBC)",
        "user_handle": "/IGBConline",
        "tweet_date": "Apr 25",
        "timestamp": "2023-04-25T10:27:36.000Z",
        "tweet_content": "HEAD OFFICE OF SBI GENERAL INSURANCE COMPANY LTD of SBI General Insurance Company Ltd, Mumbai achieved Platinum certification under IGBC Green Interiors Rating System.\n\nFor more please visit:  \n   \n  #SBIGeneralInsurance    #IGBC   #Mumbai",
        "replies": "",
        "retweets": "",
        "likes": "2",
        "app": "SBI"
    },
    {
        "search_link": "https://twitter.com/search?q=%23SBIGeneralinsurance&src=typed_query&f=top",
        "user_name": "SAGAR DAS",
        "user_handle": "/itz_sagar10",
        "tweet_date": "Feb 13",
        "timestamp": "2023-02-13T12:01:11.000Z",
        "tweet_content": "\"Extremely disappointed with the service of    .Despite multiple follow-ups, still waiting for my refund of Rs.2600 (2 years ) that was promised months ago. \nIt was forcefully being superimposed while I opened my savings account\n  #SBIGeneralInsurance    #SBI",
        "replies": "",
        "retweets": "",
        "likes": "",
        "app": "SBI"
    },
    {
        "search_link": "https://twitter.com/search?q=%23SBIGeneralinsurance&src=typed_query&f=top",
        "user_name": "UMAKANT MAINPURI",
        "user_handle": "/MainpuriUmakant",
        "tweet_date": "Mar 2",
        "timestamp": "2023-03-02T16:14:42.000Z",
        "tweet_content": "#SBIGeneralInsurance  \nसर कितनी बार कस्टोमर् केअर मे काल की\nऔर कितनी बार ईमेल, ट्वीट सब कुछ किया\nलेकिन क्लैम न. 1494340 के बारे मे कोई जानकारी नही दी जा रही है सिवाय इसके अलावा कि आपके मामले को हाईलाईट कर दिया गया है\nजबकि कोई संपर्क क्लैम टीम द्वारा नही किया गया",
        "replies": "2",
        "retweets": "",
        "likes": "",
        "app": "SBI"
    },
    {
        "search_link": "https://twitter.com/search?q=%23SBIGeneralinsurance&src=typed_query&f=top",
        "user_name": "MyFin Point",
        "user_handle": "/myfinpoint",
        "tweet_date": "Apr 22",
        "timestamp": "2023-04-22T05:29:25.000Z",
        "tweet_content": "എസ് ബിഐ ജനറൽ ഇൻഷുറൻസിന്റെ അറ്റാദായത്തിൽ 40 ശതമാനം വർധന   #SBIGeneralInsurance    #Q4Results   #CompanyResults",
        "replies": "",
        "retweets": "",
        "likes": "",
        "app": "SBI"
    }
]