[
    {
        "search_link": "https://twitter.com/search?q=%23healthinsurancefraud&src=typed_query&f=top",
        "user_name": "nks_mumbai_89",
        "user_handle": "/nks_mumbai_89",
        "tweet_date": "Feb 13",
        "timestamp": "2023-02-13T15:01:10.000Z",
        "tweet_content": "  #insurancefraud   #careinsurancefraud    #healthinsurancefraud  \n\nI am still waiting for the response since more than a month. Whats your TAT for responding customer complaints. You took money,issued renewed policy and than cancel the issued policy without intimation",
        "replies": "1",
        "retweets": "",
        "likes": "",
        "app": "healthinsurancefraud"
    },
    {
        "search_link": "https://twitter.com/search?q=%23healthinsurancefraud&src=typed_query&f=top",
        "user_name": "Kimberly",
        "user_handle": "/kimphilip3",
        "tweet_date": "Jun 10",
        "timestamp": "2023-06-10T04:01:23.000Z",
        "tweet_content": "My esophagus.  #cpp   #medicalgaslighting   #malpractice    #healthinsurancefraud    #medicalptsd   #medicalerrors   #coverups",
        "replies": "",
        "retweets": "",
        "likes": "1",
        "app": "healthinsurancefraud"
    },
    null,
    {
        "search_link": "https://twitter.com/search?q=%23healthinsurancefraud&src=typed_query&f=top",
        "user_name": "toolcasellc",
        "user_handle": "/toolcase_ai",
        "tweet_date": "May 17, 2022",
        "timestamp": "2022-05-16T19:25:02.000Z",
        "tweet_content": "Here’s a Quick Review of Upcoding Fraud… And a Potential Solution.  \n #upcoding   #upcodingfraud   #unbundling   #unbundlingfraud   #insurancefraud   #medicarefraud    #healthinsurancefraud    #fraud",
        "replies": "",
        "retweets": "",
        "likes": "",
        "app": "healthinsurancefraud"
    },
    {
        "search_link": "https://twitter.com/search?q=%23healthinsurancefraud&src=typed_query&f=top",
        "user_name": "Shiva",
        "user_handle": "/Shivindia4",
        "tweet_date": "May 21",
        "timestamp": "2023-05-21T11:30:58.000Z",
        "tweet_content": " Such a bad service when it comes to cashless claim. At the time of buying insurance it was all great but now in emergency you guys are pathetic.   #healthinsurancefraud",
        "replies": "1",
        "retweets": "",
        "likes": "",
        "app": "healthinsurancefraud"
    },
    {
        "search_link": "https://twitter.com/search?q=%23healthinsurancefraud&src=typed_query&f=top",
        "user_name": "USAPublicNotice",
        "user_handle": "/UsaPublicNotice",
        "tweet_date": "Jul 13, 2016",
        "timestamp": "2016-07-13T00:35:00.000Z",
        "tweet_content": "#HealthInsuranceFraud   Why is Walmart & Walgreens payment centers for Health insurance including HealthNet? Sounds really fishy to me.",
        "replies": "",
        "retweets": "",
        "likes": "",
        "app": "healthinsurancefraud"
    },
    {
        "search_link": "https://twitter.com/search?q=%23healthinsurancefraud&src=typed_query&f=top",
        "user_name": "Disputed Thoughtcrimes",
        "user_handle": "/HBodicote",
        "tweet_date": "Apr 4, 2020",
        "timestamp": "2020-04-03T22:32:49.000Z",
        "tweet_content": "Because different states are participating in this massive, complex SCAM at different levels of greed, corruption, criminality, and political  #TrumpDerangementSyndrome \n\nNY just happens to be most deeply involved.  #OpenBorders    #HealthInsuranceFraud    #ElectionMeddling   #NewWorldOrder",
        "replies": "",
        "retweets": "",
        "likes": "",
        "app": "healthinsurancefraud"
    },
    {
        "search_link": "https://twitter.com/search?q=%23healthinsurancefraud&src=typed_query&f=top",
        "user_name": "Kimberly",
        "user_handle": "/kimphilip3",
        "tweet_date": "Jun 12",
        "timestamp": "2023-06-12T14:16:51.000Z",
        "tweet_content": "#cpp   #ChronicPain   #medicalgaslighting   #malpractice    #healthinsurancefraud         Been labeled by stupid algorithms and that is how they hide my malpractice! How many are they hiding? How many others are out there suffering from surgeon mutilation?",
        "replies": "3",
        "retweets": "",
        "likes": "3",
        "app": "healthinsurancefraud"
    },
    {
        "search_link": "https://twitter.com/search?q=%23healthinsurancefraud&src=typed_query&f=top",
        "user_name": "Pankaj Kumar Manot",
        "user_handle": "/pmanot",
        "tweet_date": "May 24, 2018",
        "timestamp": "2018-05-24T07:45:29.000Z",
        "tweet_content": "#healthinsurancefraud     Sir ,@maxbupa denying claims by putting ambiguous fineprints regarding pro rata deduction of Medical Expenses  on the basis of admissible room rent .",
        "replies": "1",
        "retweets": "",
        "likes": "1",
        "app": "healthinsurancefraud"
    },
    {
        "search_link": "https://twitter.com/search?q=%23healthinsurancefraud&src=typed_query&f=top",
        "user_name": "nks_mumbai_89",
        "user_handle": "/nks_mumbai_89",
        "tweet_date": "Feb 1",
        "timestamp": "2023-02-01T02:48:03.000Z",
        "tweet_content": " Response awaited\n\nPolicy cancelled after renewal without any intimation. Money is also not refunded. Please share the complain number for my complain  #Insurancefraud    #healthinsurancefraud    #fraud",
        "replies": "3",
        "retweets": "",
        "likes": "",
        "app": "healthinsurancefraud"
    },
    {
        "search_link": "https://twitter.com/search?q=%23healthinsurancefraud&src=typed_query&f=top",
        "user_name": "TakeAStand2022",
        "user_handle": "/2022_Reality",
        "tweet_date": "Jan 14, 2022",
        "timestamp": "2022-01-14T14:59:45.000Z",
        "tweet_content": "CASE ARCHIVE:  \n  #healthinsurancefraud",
        "replies": "",
        "retweets": "",
        "likes": "",
        "app": "healthinsurancefraud"
    },
    {
        "search_link": "https://twitter.com/search?q=%23healthinsurancefraud&src=typed_query&f=top",
        "user_name": "ICORP Investigations",
        "user_handle": "/icorpPi",
        "tweet_date": "Aug 25, 2017",
        "timestamp": "2017-08-25T14:08:06.000Z",
        "tweet_content": "Health insurance fraud rings might try to recruit you, expert warns  ?\n  #HealthInsuranceFraud",
        "replies": "",
        "retweets": "",
        "likes": "2",
        "app": "healthinsurancefraud"
    },
    {
        "search_link": "https://twitter.com/search?q=%23healthinsurancefraud&src=typed_query&f=top",
        "user_name": "Morayo",
        "user_handle": "/gressod",
        "tweet_date": "Aug 9, 2019",
        "timestamp": "2019-08-09T17:31:13.000Z",
        "tweet_content": "Apparently, my health insurance that covers genotype tests does not also allow me to run a genotype test because there needs to be an indication for the genotype test to be run and no one can give me an example of an indication for a genotype test.   #healthinsurancefraud",
        "replies": "1",
        "retweets": "",
        "likes": "",
        "app": "healthinsurancefraud"
    },
    {
        "search_link": "https://twitter.com/search?q=%23healthinsurancefraud&src=typed_query&f=top",
        "user_name": "VIP Investigations",
        "user_handle": "/SpyVIP_Canada",
        "tweet_date": "Apr 15, 2014",
        "timestamp": "2014-04-15T15:15:58.000Z",
        "tweet_content": "Health insurance fraud is common in this country.     #healthinsurancefraud    #fraud",
        "replies": "",
        "retweets": "",
        "likes": "",
        "app": "healthinsurancefraud"
    },
    {
        "search_link": "https://twitter.com/search?q=%23healthinsurancefraud&src=typed_query&f=top",
        "user_name": "ARPIT RAJ",
        "user_handle": "/ArpitRa12715246",
        "tweet_date": "Jun 12",
        "timestamp": "2023-06-12T06:24:55.000Z",
        "tweet_content": "till now i didn't get any proper resolution. When will provide me any update regarding this.\n \n \n \n  .\n  #healthinsurancefraud  \n #scam",
        "replies": "",
        "retweets": "",
        "likes": "",
        "app": "healthinsurancefraud"
    },
    {
        "search_link": "https://twitter.com/search?q=%23healthinsurancefraud&src=typed_query&f=top",
        "user_name": "TakeAStand2022",
        "user_handle": "/2022_Reality",
        "tweet_date": "Jan 17, 2022",
        "timestamp": "2022-01-17T16:13:36.000Z",
        "tweet_content": "#healthcarefraudexposed   #heatlhcarefraud    #healthinsurancefraud    #obgyn  ARTICLE ARCHIVE:",
        "replies": "",
        "retweets": "",
        "likes": "",
        "app": "healthinsurancefraud"
    },
    {
        "search_link": "https://twitter.com/search?q=%23healthinsurancefraud&src=typed_query&f=top",
        "user_name": "PLEXIS Health",
        "user_handle": "/plexishealth",
        "tweet_date": "Jul 14, 2016",
        "timestamp": "2016-07-14T15:14:54.000Z",
        "tweet_content": "New Jersey health insurer blocks $42M in fraud -     #HealthInsuranceFraud    #Healthcare   #HealthInsurance",
        "replies": "",
        "retweets": "",
        "likes": "",
        "app": "healthinsurancefraud"
    },
    {
        "search_link": "https://twitter.com/search?q=%23healthinsurancefraud&src=typed_query&f=top",
        "user_name": "Howard Wise",
        "user_handle": "/ChicagoCrimDef",
        "tweet_date": "Jan 11, 2016",
        "timestamp": "2016-01-11T16:34:15.000Z",
        "tweet_content": "What Does an Insurance Fraud Charge Mean?    #InsuranceFraud    #HealthInsuranceFraud    #Chicago",
        "replies": "",
        "retweets": "",
        "likes": "",
        "app": "healthinsurancefraud"
    },
    {
        "search_link": "https://twitter.com/search?q=%23healthinsurancefraud&src=typed_query&f=top",
        "user_name": "James Quiggle",
        "user_handle": "/fraudwhacker",
        "tweet_date": "Jan 10, 2017",
        "timestamp": "2017-01-10T15:00:37.000Z",
        "tweet_content": "Fraud's not violent? Foot doc plots to beat up investigators.\n \n #insurancefraud \n  #healthinsurancefraud",
        "replies": "",
        "retweets": "",
        "likes": "",
        "app": "healthinsurancefraud"
    },
    {
        "search_link": "https://twitter.com/search?q=%23healthinsurancefraud&src=typed_query&f=top",
        "user_name": "Barry Zalma, Esq., CFE",
        "user_handle": "/bzalma",
        "tweet_date": "Dec 5, 2015",
        "timestamp": "2015-12-04T20:35:09.000Z",
        "tweet_content": "Health Care Fraud Conviction Affirmed | Zalma on Insurance    #insurance   #health   #fraud    #healthinsurancefraud",
        "replies": "",
        "retweets": "",
        "likes": "",
        "app": "healthinsurancefraud"
    },
    {
        "search_link": "https://twitter.com/search?q=%23healthinsurancefraud&src=typed_query&f=top",
        "user_name": "Robertsons",
        "user_handle": "/robertsonandco1",
        "tweet_date": "Jul 17, 2018",
        "timestamp": "2018-07-17T07:00:37.000Z",
        "tweet_content": "Shift Technology to help HICFG develop health insurance counter fraud database   #healthinsurancefraud   ",
        "replies": "",
        "retweets": "",
        "likes": "1",
        "app": "healthinsurancefraud"
    },
    {
        "search_link": "https://twitter.com/search?q=%23healthinsurancefraud&src=typed_query&f=top",
        "user_name": "Kitgdeboram",
        "user_handle": "/DeboraGauldin4",
        "tweet_date": "Nov 18, 2021",
        "timestamp": "2021-11-18T15:13:14.000Z",
        "tweet_content": "Part 5.  #economy  safety are you smart or trendy 1. owner of  #computerfraud  and  #doctorbill    #healthinsurancefraud    #ipadsid    2. children should not have  #ipads   #iphones   #COVID  testing (F)  X 3. yeap i drowned mine 2 years passed  de'boraries  #ipadtrials",
        "replies": "",
        "retweets": "1",
        "likes": "",
        "app": "healthinsurancefraud"
    },
    {
        "search_link": "https://twitter.com/search?q=%23healthinsurancefraud&src=typed_query&f=top",
        "user_name": "Platinum Horizon",
        "user_handle": "/RrrussT1",
        "tweet_date": "Oct 19, 2022",
        "timestamp": "2022-10-19T15:39:15.000Z",
        "tweet_content": "\"  #HealthInsuranceFraud   *WHISTLEBLOWER*:  #MedicareAdvantage  Is \"Heist\" by Private Firms (( #AmericanFirstCompanies )) to Defraud the Public\" By:  #DemocracyNow   11:48  #AmericaFirstCapitalism  \"Slip and Slides\" into  #FreeMarketOrgy #Vote    via ",
        "replies": "1",
        "retweets": "",
        "likes": "",
        "app": "healthinsurancefraud"
    },
    {
        "search_link": "https://twitter.com/search?q=%23healthinsurancefraud&src=typed_query&f=top",
        "user_name": "FraudNY",
        "user_handle": "/FraudNY",
        "tweet_date": "Sep 18, 2021",
        "timestamp": "2021-09-17T19:30:00.000Z",
        "tweet_content": "It's hard finding cases of pet   #healthinsurancefraud   because it's such a new type of  #insurancefraud . \n\nStay tuned as we talk more about it all month!  \n\n #NationalPetHealthInsuranceMonth   #NewYork   #NY   #NYC",
        "replies": "",
        "retweets": "2",
        "likes": "2",
        "app": "healthinsurancefraud"
    },
    {
        "search_link": "https://twitter.com/search?q=%23healthinsurancefraud&src=typed_query&f=top",
        "user_name": "Insurance Ireland",
        "user_handle": "/insurance_irl",
        "tweet_date": "Nov 24, 2020",
        "timestamp": "2020-11-24T10:30:13.000Z",
        "tweet_content": "The final event of the II  #Fraud  Webinar Series takes place Wednesday 25th November. Dr Peter Wilmshurst along with a panel of  #HealthInsurance  II member companies will discuss the topic of   #HealthInsuranceFraud   in Ireland. ",
        "replies": "",
        "retweets": "",
        "likes": "2",
        "app": "healthinsurancefraud"
    },
    {
        "search_link": "https://twitter.com/search?q=%23healthinsurancefraud&src=typed_query&f=top",
        "user_name": "Gina",
        "user_handle": "/redhed67",
        "tweet_date": "Mar 20, 2021",
        "timestamp": "2021-03-19T21:41:50.000Z",
        "tweet_content": "Anti-Abortion Extremist  #JeffreyWhite  and \nHis Loser Son  #Nick \nAre Sentenced \nto Prison for   #HealthInsuranceFraud  \n\n – Feminist Majority Foundation",
        "replies": "",
        "retweets": "1",
        "likes": "",
        "app": "healthinsurancefraud"
    },
    {
        "search_link": "https://twitter.com/search?q=%23healthinsurancefraud&src=typed_query&f=top",
        "user_name": "Betty C. Jung",
        "user_handle": "/bettycjung",
        "tweet_date": "May 29, 2021",
        "timestamp": "2021-05-28T20:14:49.000Z",
        "tweet_content": "Federal COVID Fraud Charges Include Doc's Testing Scheme     #HealthInsuranceFraud",
        "replies": "",
        "retweets": "",
        "likes": "",
        "app": "healthinsurancefraud"
    },
    {
        "search_link": "https://twitter.com/search?q=%23healthinsurancefraud&src=typed_query&f=top",
        "user_name": "WellnessWeavers",
        "user_handle": "/WeaversWellness",
        "tweet_date": "Oct 31, 2018",
        "timestamp": "2018-10-31T16:23:32.000Z",
        "tweet_content": "#citizens   #taxfraud    #HealthInsurancefraud    #VoterSuppression  Two agents promised I would not be hung up on.  Someone is cutting off my calls each time  #Aetna   #United   #Humana   #Signa   #BlueCrossBlueShield  call to sign me up for “health” insurance; Why not interested in our Coop Op???",
        "replies": "",
        "retweets": "",
        "likes": "",
        "app": "healthinsurancefraud"
    },
    {
        "search_link": "https://twitter.com/search?q=%23healthinsurancefraud&src=typed_query&f=top",
        "user_name": "Jeff Leston",
        "user_handle": "/JeffLeston",
        "tweet_date": "Mar 31, 2022",
        "timestamp": "2022-03-30T19:48:04.000Z",
        "tweet_content": "Doh.  $34 Million worth..\n\n\"Physicians who signed prescriptions for compounded medications that were filled at Main Avenue often had never even spoken to the patient, let alone examined him or her.\"\n\n  #healthinsurancefraud",
        "replies": "",
        "retweets": "",
        "likes": "",
        "app": "healthinsurancefraud"
    },
    {
        "search_link": "https://twitter.com/search?q=%23healthinsurancefraud&src=typed_query&f=top",
        "user_name": "NEC Corporation India",
        "user_handle": "/nec_india",
        "tweet_date": "Nov 22, 2022",
        "timestamp": "2022-11-22T09:59:39.000Z",
        "tweet_content": "NEC's   #healthinsurancefraud   analytics solution helps insurance companies to fight such frauds with effective claim segmentation to detect frauds faster, increase efficiency, reduce cost and accelerate decision-making.\n\nTo know more:  \n #PoweringBillionDreams",
        "replies": "",
        "retweets": "2",
        "likes": "",
        "app": "healthinsurancefraud"
    },
    {
        "search_link": "https://twitter.com/search?q=%23healthinsurancefraud&src=typed_query&f=top",
        "user_name": "ProducersWEB",
        "user_handle": "/ProducersWEB",
        "tweet_date": "Jan 26, 2011",
        "timestamp": "2011-01-25T18:38:58.000Z",
        "tweet_content": "Report: $4 billion recovered in 2010 from fraudulent health care claims http://ow.ly/3K1J2   #healthinsurancefraud",
        "replies": "",
        "retweets": "",
        "likes": "",
        "app": "healthinsurancefraud"
    },
    {
        "search_link": "https://twitter.com/search?q=%23healthinsurancefraud&src=typed_query&f=top",
        "user_name": "HITInfrastructure",
        "user_handle": "/HITinfrastruct",
        "tweet_date": "Aug 5, 2019",
        "timestamp": "2019-08-05T18:05:10.000Z",
        "tweet_content": "#HealthcareBlockchain  could save Industry $100B annually by 2025, predicts   | #HealthcareInfrastructureSecurity   #HealthDataPrivacy    #HealthInsuranceFraud",
        "replies": "",
        "retweets": "",
        "likes": "",
        "app": "healthinsurancefraud"
    },
    {
        "search_link": "https://twitter.com/search?q=%23healthinsurancefraud&src=typed_query&f=top",
        "user_name": "Cosmo Insurance Agency",
        "user_handle": "/CosmoInsNJ",
        "tweet_date": "Apr 9, 2019",
        "timestamp": "2019-04-09T12:30:37.000Z",
        "tweet_content": "We all know to take good care of our  #creditcards  and  #socialsecurity  card but should we be equally diligent with our  #healthinsuranceIDcard ? Here are 4 ways to protect yourself from   #healthinsurancefraud  :    #broker   #nj",
        "replies": "",
        "retweets": "",
        "likes": "",
        "app": "healthinsurancefraud"
    },
    {
        "search_link": "https://twitter.com/search?q=%23healthinsurancefraud&src=typed_query&f=top",
        "user_name": "DawnKA Official Cheerleader for Good of Humanity",
        "user_handle": "/DawnKA",
        "tweet_date": "Mar 14, 2022",
        "timestamp": "2022-03-14T16:53:24.000Z",
        "tweet_content": "How is it possible that my copayment fee is $60 to have my eye examination for my driver’s license renewal and to pay out of pocket the fee is $50? It’s despicable   #HealthInsuranceFraud    #HealthInsuranceScam   #HealthInsurance   #MondayMadness",
        "replies": "",
        "retweets": "",
        "likes": "1",
        "app": "healthinsurancefraud"
    },
    {
        "search_link": "https://twitter.com/search?q=%23healthinsurancefraud&src=typed_query&f=top",
        "user_name": "BABU",
        "user_handle": "/alaminkimathi",
        "tweet_date": "Mar 28, 2019",
        "timestamp": "2019-03-28T03:33:46.000Z",
        "tweet_content": "#HealthInsuranceFraud   is real. That   been forced to settle  's bill hasn't  sorted hundreds they've  defrauded.",
        "replies": "",
        "retweets": "3",
        "likes": "4",
        "app": "healthinsurancefraud"
    },
    {
        "search_link": "https://twitter.com/search?q=%23healthinsurancefraud&src=typed_query&f=top",
        "user_name": "Insurer News",
        "user_handle": "/InsurerNews",
        "tweet_date": "Mar 5, 2014",
        "timestamp": "2014-03-05T02:02:19.000Z",
        "tweet_content": "Capitol Commentary    #fraud   #healthinsurance    #healthinsurancefraud    #healthinsurancesystem",
        "replies": "",
        "retweets": "",
        "likes": "",
        "app": "healthinsurancefraud"
    },
    {
        "search_link": "https://twitter.com/search?q=%23healthinsurancefraud&src=typed_query&f=top",
        "user_name": "Dan Cogdell",
        "user_handle": "/DanCogdell",
        "tweet_date": "Apr 30, 2015",
        "timestamp": "2015-04-29T19:16:08.000Z",
        "tweet_content": "#HealthInsuranceFraud   is a serious allegation, don't you want an  #attorney  with dismissals?   ",
        "replies": "",
        "retweets": "",
        "likes": "1",
        "app": "healthinsurancefraud"
    },
    {
        "search_link": "https://twitter.com/search?q=%23healthinsurancefraud&src=typed_query&f=top",
        "user_name": "HITInfrastructure",
        "user_handle": "/HITinfrastruct",
        "tweet_date": "Aug 5, 2019",
        "timestamp": "2019-08-05T13:35:07.000Z",
        "tweet_content": "#HealthcareBlockchain  Could Save Industry $100B Annually by 2025  | #HealthcareInfrastructureSecurity   #HealthDataPrivacy    #HealthInsuranceFraud",
        "replies": "",
        "retweets": "",
        "likes": "1",
        "app": "healthinsurancefraud"
    },
    {
        "search_link": "https://twitter.com/search?q=%23healthinsurancefraud&src=typed_query&f=top",
        "user_name": "Top Class Actions",
        "user_handle": "/TopClassActions",
        "tweet_date": "Dec 8, 2016",
        "timestamp": "2016-12-08T15:00:14.000Z",
        "tweet_content": "Class Action  #CignaLawsuit  Alleges   #HealthInsuranceFraud   ",
        "replies": "",
        "retweets": "",
        "likes": "",
        "app": "healthinsurancefraud"
    },
    {
        "search_link": "https://twitter.com/search?q=%23healthinsurancefraud&src=typed_query&f=top",
        "user_name": "HITInfrastructure",
        "user_handle": "/HITinfrastruct",
        "tweet_date": "Aug 2, 2019",
        "timestamp": "2019-08-02T18:05:15.000Z",
        "tweet_content": "'s St. Jude Medical covered up faulty  #Pacemakers ,   lawsuit alleges | #MedicalDeviceSafety   #FDA    #HealthInsuranceFraud",
        "replies": "",
        "retweets": "",
        "likes": "",
        "app": "healthinsurancefraud"
    },
    {
        "search_link": "https://twitter.com/search?q=%23healthinsurancefraud&src=typed_query&f=top",
        "user_name": "James Quiggle",
        "user_handle": "/fraudwhacker",
        "tweet_date": "Nov 11, 2016",
        "timestamp": "2016-11-11T14:41:08.000Z",
        "tweet_content": "Rehab mogul allegedly swaps drugs for sex in $176M scheme\n \n #insurancefraud \n  #healthinsurancefraud  \n #insurancescam",
        "replies": "",
        "retweets": "",
        "likes": "",
        "app": "healthinsurancefraud"
    },
    {
        "search_link": "https://twitter.com/search?q=%23healthinsurancefraud&src=typed_query&f=top",
        "user_name": "DawnKA Official Cheerleader for Good of Humanity",
        "user_handle": "/DawnKA",
        "tweet_date": "Feb 12, 2018",
        "timestamp": "2018-02-12T16:21:25.000Z",
        "tweet_content": "Absolutely disgraceful and sadly it’s much more widespread. Look at the others - State launches Aetna probe after stunning admission    #Health   #HealthInsurance    #HealthInsuranceFraud   ",
        "replies": "",
        "retweets": "",
        "likes": "",
        "app": "healthinsurancefraud"
    },
    {
        "search_link": "https://twitter.com/search?q=%23healthinsurancefraud&src=typed_query&f=top",
        "user_name": "Medical Society NY",
        "user_handle": "/MedSocietyNYS",
        "tweet_date": "Dec 13, 2021",
        "timestamp": "2021-12-13T18:00:21.000Z",
        "tweet_content": "Helpful Tips from   on   #HealthInsuranceFraud  : Beware of freebies and  #guardyourcard ! More here:     #ProtectYourself",
        "replies": "",
        "retweets": "",
        "likes": "",
        "app": "healthinsurancefraud"
    },
    {
        "search_link": "https://twitter.com/search?q=%23healthinsurancefraud&src=typed_query&f=top",
        "user_name": "Top Class Actions",
        "user_handle": "/TopClassActions",
        "tweet_date": "Dec 7, 2016",
        "timestamp": "2016-12-07T01:00:10.000Z",
        "tweet_content": "#UnitedHealth   #PrescriptionDrug  Lawsuit Alleges  #CoPay  Overcharges   #healthinsurancefraud    #healthinsurance  ",
        "replies": "",
        "retweets": "",
        "likes": "",
        "app": "healthinsurancefraud"
    },
    {
        "search_link": "https://twitter.com/search?q=%23healthinsurancefraud&src=typed_query&f=top",
        "user_name": "FineEagle",
        "user_handle": "/FineEagle_",
        "tweet_date": "Apr 6",
        "timestamp": "2023-04-06T05:17:29.000Z",
        "tweet_content": " , I thought I was in good hands with my health insurance policy, but my experience has been nothing short of a nightmare. Your team's lack of response and knowledge about my policy is unacceptable.  #TataAIGScam    #HealthInsuranceFraud",
        "replies": "",
        "retweets": "",
        "likes": "",
        "app": "healthinsurancefraud"
    },
    {
        "search_link": "https://twitter.com/search?q=%23healthinsurancefraud&src=typed_query&f=top",
        "user_name": "K Max",
        "user_handle": "/kmax_chicago",
        "tweet_date": "Apr 5, 2018",
        "timestamp": "2018-04-05T17:49:30.000Z",
        "tweet_content": "#Algorithms  - the  #reflection  of their creators! A real live  #Skynet  exists!   #HealthInsuranceFraud    #FarmingSoil  Don't use  #fingerprintScanning   #RedactedTonight  ~189~ Assange, Bolton, Top Secret Algorithms, Cops Abuse The Dead   via ",
        "replies": "",
        "retweets": "",
        "likes": "",
        "app": "healthinsurancefraud"
    },
    {
        "search_link": "https://twitter.com/search?q=%23healthinsurancefraud&src=typed_query&f=top",
        "user_name": "PhilHealth",
        "user_handle": "/teamphilhealth",
        "tweet_date": "Jul 17, 2019",
        "timestamp": "2019-07-17T02:54:00.000Z",
        "tweet_content": "Walang bayad ang PhilHealth ID at Member Data Record o MDR.  \n\nHuwag makipag-ugnayan sa sinumang nag-aalok ng tulong o assistance para makakuha ng PhilHealth ID at Member Data Record kapalit ng bayad.\n\n  #HealthInsuranceFraud  \n #MyPhilHealth",
        "replies": "",
        "retweets": "3",
        "likes": "5",
        "app": "healthinsurancefraud"
    },
    {
        "search_link": "https://twitter.com/search?q=%23healthinsurancefraud&src=typed_query&f=top",
        "user_name": "PhilHealth",
        "user_handle": "/teamphilhealth",
        "tweet_date": "Nov 26, 2019",
        "timestamp": "2019-11-25T23:59:08.000Z",
        "tweet_content": "Huwag magpaloko sa mga nag-aalok ng online assistance sa pagkuha ng PhilHealth Number Card at MDR lalo na yung nagpapabayad ng processing fee sa convenience store.\n\nWala ding door to door transactions ang PhilHealth.\n\n  #HealthInsuranceFraud  , Iwaksi!\n #MyPhilHealth",
        "replies": "1",
        "retweets": "6",
        "likes": "4",
        "app": "healthinsurancefraud"
    },
    {
        "search_link": "https://twitter.com/search?q=%23healthinsurancefraud&src=typed_query&f=top",
        "user_name": "PhilHealth",
        "user_handle": "/teamphilhealth",
        "tweet_date": "Jul 18, 2019",
        "timestamp": "2019-07-18T04:37:00.000Z",
        "tweet_content": "Ingatan ang iyong PhilHealth Record.  \n\nHuwag hayaan ang sinuman na makita o makuha ang iyong PhilHealth ID at Member Data Record (MDR).  \n\nI-report ang anumang gawaing may daya sa (02) 441-7442 o mag-email sa actioncenter@philhealth.gov.ph.\n\n  #HealthInsuranceFraud  \n #MyPhilHealth",
        "replies": "",
        "retweets": "4",
        "likes": "",
        "app": "healthinsurancefraud"
    },
    {
        "search_link": "https://twitter.com/search?q=%23healthinsurancefraud&src=typed_query&f=top",
        "user_name": "NICB",
        "user_handle": "/insurancecrime",
        "tweet_date": "Sep 30, 2020",
        "timestamp": "2020-09-29T23:57:00.000Z",
        "tweet_content": "#FraudsterAlert : La businessman, Joseph L. Wiley ll, is sentenced for his involvement in a scheme to defraud  #HealthInsurance  providers out of hundreds of millions of dollars.\n\n  #HealthInsuranceFraud    #InsuranceFraudNews",
        "replies": "",
        "retweets": "",
        "likes": "2",
        "app": "healthinsurancefraud"
    }
]