[
    {
        "search_link": "https://twitter.com/search?q=%23health%20%23insurance%20%23scam&src=typed_query&f=top",
        "user_name": "Hooray Health",
        "user_handle": "/Hooray_Health",
        "tweet_date": "Nov 29, 2018",
        "timestamp": "2018-11-28T23:43:32.000Z",
        "tweet_content": "Don't be fooled this enrollment season. \n\nRead More Below! \n\n \n  #Health    #Healthcare   #HealthInsurance   #Consumer   #ACA   #Obamacare    #Scam     #Insurance    #Blog   #HoorayHealth   #HoorayHealthcare   #HoorayHealthBlog   #Wellness   #Medicine",
        "replies": "",
        "retweets": "",
        "likes": "",
        "app": "health insurance scam"
    },
    {
        "search_link": "https://twitter.com/search?q=%23health%20%23insurance%20%23scam&src=typed_query&f=top",
        "user_name": "White Mamba",
        "user_handle": "/vipersnke",
        "tweet_date": "Oct 12, 2018",
        "timestamp": "2018-10-11T22:58:00.000Z",
        "tweet_content": "That and 3/4 of the  #drugs  should be allowed to be purchased W/O a prescription. It's 2018  #ThePeople  can handle it. Plus it would free up nonsense doctor visits. #healthcare   #Healthtech     #MAGA    #health     #insurance     #SCAM",
        "replies": "",
        "retweets": "",
        "likes": "",
        "app": "health insurance scam"
    },
    {
        "search_link": "https://twitter.com/search?q=%23health%20%23insurance%20%23scam&src=typed_query&f=top",
        "user_name": "Smiddy",
        "user_handle": "/mic_stand",
        "tweet_date": "Apr 2, 2010",
        "timestamp": "2010-04-02T03:54:09.000Z",
        "tweet_content": "A MUST see Video! iSelect   #Scam   http://bit.ly/cTVEPU IF you care about   #health     #insurance  , then see the wrought!",
        "replies": "",
        "retweets": "",
        "likes": "",
        "app": "health insurance scam"
    },
    {
        "search_link": "https://twitter.com/search?q=%23health%20%23insurance%20%23scam&src=typed_query&f=top",
        "user_name": "Haych",
        "user_handle": "/H3llsBells",
        "tweet_date": "Apr 2, 2010",
        "timestamp": "2010-04-02T03:54:09.000Z",
        "tweet_content": "A MUST see Video! iSelect   #Scam   http://bit.ly/cTVEPU IF you care about   #health     #insurance  , then see the wrought!",
        "replies": "",
        "retweets": "",
        "likes": "",
        "app": "health insurance scam"
    },
    {
        "search_link": "https://twitter.com/search?q=%23health%20%23insurance%20%23scam&src=typed_query&f=top",
        "user_name": "IMGlobal©",
        "user_handle": "/IMGl0bal",
        "tweet_date": "Apr 2, 2010",
        "timestamp": "2010-04-02T03:54:08.000Z",
        "tweet_content": "A MUST see Video! iSelect   #Scam   http://bit.ly/cTVEPU IF you care about   #health     #insurance  , then see the wrought!",
        "replies": "",
        "retweets": "",
        "likes": "",
        "app": "health insurance scam"
    },
    {
        "search_link": "https://twitter.com/search?q=%23health%20%23insurance%20%23scam&src=typed_query&f=top",
        "user_name": "Woman Beauty Tips",
        "user_handle": "/womanbeautytips",
        "tweet_date": "Sep 18, 2010",
        "timestamp": "2010-09-18T13:51:52.000Z",
        "tweet_content": "Isn’t Having  #Tax   #Breaks  On   #Health     #Insurance   A Hypocritical Communist   #Scam  ? http://goo.gl/fb/hqthY",
        "replies": "",
        "retweets": "",
        "likes": "",
        "app": "health insurance scam"
    },
    {
        "search_link": "https://twitter.com/search?q=%23health%20%23insurance%20%23scam&src=typed_query&f=top",
        "user_name": "SECURIX",
        "user_handle": "/securixhk",
        "tweet_date": "Nov 21, 2020",
        "timestamp": "2020-11-20T18:53:22.000Z",
        "tweet_content": "New  #french   #phishing  campaign related to   #health    #healthcare    #insurance   : \n #cybersecurity   #cybersécurité   #cybercrime   #cyberattack   #arnaque   #fraud   #fraude    #scam    #santé   #dataprivacy   #france \n      @ameli_actu \n   #constellatio   #securix",
        "replies": "1",
        "retweets": "9",
        "likes": "9",
        "app": "health insurance scam"
    },
    {
        "search_link": "https://twitter.com/search?q=%23health%20%23insurance%20%23scam&src=typed_query&f=top",
        "user_name": "cameron geiser",
        "user_handle": "/realspacecortez",
        "tweet_date": "Sep 1, 2017",
        "timestamp": "2017-09-01T10:38:49.000Z",
        "tweet_content": "#Health     #Insurance   has to be the biggest   #scam   in  #American   #History , other than gigantic  #corporations  in general... ",
        "replies": "",
        "retweets": "",
        "likes": "1",
        "app": "health insurance scam"
    },
    null,
    {
        "search_link": "https://twitter.com/search?q=%23health%20%23insurance%20%23scam&src=typed_query&f=top",
        "user_name": "TheArtOfLife",
        "user_handle": "/SoliliquyWay",
        "tweet_date": "May 15, 2016",
        "timestamp": "2016-05-14T19:01:14.000Z",
        "tweet_content": "Hello \n     \n  #Health     #Insurance     #Scam  (?)     ",
        "replies": "",
        "retweets": "",
        "likes": "",
        "app": "health insurance scam"
    },
    {
        "search_link": "https://twitter.com/search?q=%23health%20%23insurance%20%23scam&src=typed_query&f=top",
        "user_name": "HITESSH SAINI",
        "user_handle": "/Hitesshsaini",
        "tweet_date": "Apr 24",
        "timestamp": "2023-04-24T10:19:07.000Z",
        "tweet_content": "A lot of  #healthtech   #startups  are doing   #scam   where they are showing cosmetic surgery as something else to just get   #insurance    #claims .\n\nWhat should be the step to stop this?\n\n #irdai    #Health       ",
        "replies": "",
        "retweets": "",
        "likes": "1",
        "app": "health insurance scam"
    },
    {
        "search_link": "https://twitter.com/search?q=%23health%20%23insurance%20%23scam&src=typed_query&f=top",
        "user_name": "Pankaj Meghani",
        "user_handle": "/PankajMeghani7",
        "tweet_date": "Jul 14",
        "timestamp": "2023-07-14T11:29:54.000Z",
        "tweet_content": "#health    #wealth   #fitness   #healthinsurance   #healthinsurance   #generalinsuranceproducts    #Insurance    #lifeinsurancepolicy   #LIC   #hospital    #scam    #ScamAlert   #hospitalscam",
        "replies": "",
        "retweets": "",
        "likes": "",
        "app": "health insurance scam"
    },
    {
        "search_link": "https://twitter.com/search?q=%23health%20%23insurance%20%23scam&src=typed_query&f=top",
        "user_name": "Joanne M. Frederick",
        "user_handle": "/FrederickJoanne",
        "tweet_date": "Apr 3, 2014",
        "timestamp": "2014-04-03T14:14:48.000Z",
        "tweet_content": "Cash for  #diabetic  test strips? Anyone know what this is about?  #medicare  or   #health     #insurance     #scam   maybe?",
        "replies": "",
        "retweets": "",
        "likes": "",
        "app": "health insurance scam"
    },
    {
        "search_link": "https://twitter.com/search?q=%23health%20%23insurance%20%23scam&src=typed_query&f=top",
        "user_name": "advocatingforu.com",
        "user_handle": "/AdvocatingforuC",
        "tweet_date": "Oct 26, 2020",
        "timestamp": "2020-10-25T21:00:24.000Z",
        "tweet_content": "#fyp   #foryou   #foryourpage   #military   #scammer   #advocatingforu   #aars   #love   #hospital   #bills    #health     #insurance     #scam    #deployed   #money",
        "replies": "",
        "retweets": "1",
        "likes": "2",
        "app": "health insurance scam"
    },
    {
        "search_link": "https://twitter.com/search?q=%23health%20%23insurance%20%23scam&src=typed_query&f=top",
        "user_name": "Harsha Kogod",
        "user_handle": "/harshakogod",
        "tweet_date": "Mar 11",
        "timestamp": "2023-03-11T07:17:33.000Z",
        "tweet_content": " unable to track the cashless   #health     #insurance   claim neither on your website nor on the mobile. Hard to connect to customer care executives and they don’t even respond properly. Intentionally delaying the claim.   #scam     #insurance    #companies     #india",
        "replies": "1",
        "retweets": "1",
        "likes": "",
        "app": "health insurance scam"
    },
    {
        "search_link": "https://twitter.com/search?q=%23health%20%23insurance%20%23scam&src=typed_query&f=top",
        "user_name": "The Perceiver",
        "user_handle": "/Perceiver1219",
        "tweet_date": "Oct 12, 2021",
        "timestamp": "2021-10-12T06:28:07.000Z",
        "tweet_content": "#NEWS :  #Healthcare   #lobbyists  just detailed the   #insurance    #schemes  that are  #fleecing  millions of  #Americans .  #US   #hospitals   #healthinsurance   #industry    #scam  .  #USA   #report    #health    #info  ",
        "replies": "",
        "retweets": "",
        "likes": "",
        "app": "health insurance scam"
    },
    {
        "search_link": "https://twitter.com/search?q=%23health%20%23insurance%20%23scam&src=typed_query&f=top",
        "user_name": "Naren",
        "user_handle": "/kotaknaren",
        "tweet_date": "Jul 28, 2019",
        "timestamp": "2019-07-28T11:18:28.000Z",
        "tweet_content": "RT  :           increase payments when you turn 64 by 370% and then take all your invested money!  #corrupt    #scam     #health    #myIrishLife   #thieves   #frauds   #money   #power   #greed    #insurance  … ",
        "replies": "",
        "retweets": "",
        "likes": "",
        "app": "health insurance scam"
    },
    {
        "search_link": "https://twitter.com/search?q=%23health%20%23insurance%20%23scam&src=typed_query&f=top",
        "user_name": "Naren",
        "user_handle": "/kotaknaren",
        "tweet_date": "Apr 11, 2019",
        "timestamp": "2019-04-11T11:29:28.000Z",
        "tweet_content": "RT  :         increase payments when you turn 64 by 370% and then take all your invested money!  #corrupt    #scam     #health    #myIrishLife   #thieves   #frauds   #money   #power   #greed    #insurance    #Irish   #corpora … ",
        "replies": "",
        "retweets": "",
        "likes": "",
        "app": "health insurance scam"
    },
    {
        "search_link": "https://twitter.com/search?q=%23health%20%23insurance%20%23scam&src=typed_query&f=top",
        "user_name": "Insurance News",
        "user_handle": "/_Insurance_News",
        "tweet_date": "Dec 31, 2018",
        "timestamp": "2018-12-31T09:32:10.000Z",
        "tweet_content": "37,000 victims still paying $6.3 million monthly for '  #Scam  '   #Health     #Insurance   ",
        "replies": "",
        "retweets": "",
        "likes": "",
        "app": "health insurance scam"
    },
    {
        "search_link": "https://twitter.com/search?q=%23health%20%23insurance%20%23scam&src=typed_query&f=top",
        "user_name": "Insurance News",
        "user_handle": "/_Insurance_News",
        "tweet_date": "Dec 31, 2018",
        "timestamp": "2018-12-30T23:32:41.000Z",
        "tweet_content": "37,000 victims still paying $6.3 million monthly for '  #Scam  '   #Health     #Insurance   ",
        "replies": "",
        "retweets": "",
        "likes": "",
        "app": "health insurance scam"
    },
    {
        "search_link": "https://twitter.com/search?q=%23health%20%23insurance%20%23scam&src=typed_query&f=top",
        "user_name": "IMGlobal©",
        "user_handle": "/IndiMusicGlobal",
        "tweet_date": "Apr 2, 2010",
        "timestamp": "2010-04-02T03:54:06.000Z",
        "tweet_content": "A MUST see Video! iSelect   #Scam   http://bit.ly/cTVEPU IF you care about   #health     #insurance  , then see the wrought!",
        "replies": "",
        "retweets": "",
        "likes": "",
        "app": "health insurance scam"
    },
    {
        "search_link": "https://twitter.com/search?q=%23health%20%23insurance%20%23scam&src=typed_query&f=top",
        "user_name": "Making Money",
        "user_handle": "/Bmakingmoney",
        "tweet_date": "Jul 27, 2011",
        "timestamp": "2011-07-27T16:46:13.000Z",
        "tweet_content": "[WATCH]: Mandatory private health insurance - why? http://bit.ly/pu1ThH   #health     #insurance    #Mandatory   #Nonprofit   #obama   #private    #Scam",
        "replies": "",
        "retweets": "",
        "likes": "",
        "app": "health insurance scam"
    },
    {
        "search_link": "https://twitter.com/search?q=%23health%20%23insurance%20%23scam&src=typed_query&f=top",
        "user_name": "Emilly Lana",
        "user_handle": "/emillylanaa",
        "tweet_date": "Jan 11, 2017",
        "timestamp": "2017-01-10T21:02:24.000Z",
        "tweet_content": "Robbed by     #health     #insurance     #scam    #firsthealth   #firsthealthcoventry   #healthinsurance   #america",
        "replies": "",
        "retweets": "",
        "likes": "",
        "app": "health insurance scam"
    },
    {
        "search_link": "https://twitter.com/search?q=%23health%20%23insurance%20%23scam&src=typed_query&f=top",
        "user_name": "StavrosStavrinoudaki",
        "user_handle": "/SStavrinoudakis",
        "tweet_date": "Oct 26, 2014",
        "timestamp": "2014-10-26T09:49:16.000Z",
        "tweet_content": "Middletown woman admits she tried to   #scam     #health     #insurance   company out of $500K    #fraud",
        "replies": "",
        "retweets": "1",
        "likes": "",
        "app": "health insurance scam"
    },
    {
        "search_link": "https://twitter.com/search?q=%23health%20%23insurance%20%23scam&src=typed_query&f=top",
        "user_name": "Michael inTheCityPgh",
        "user_handle": "/MichaelPghPA",
        "tweet_date": "Aug 16, 2016",
        "timestamp": "2016-08-16T00:50:12.000Z",
        "tweet_content": "#insurance   is a money-making   #scam    #healthcare   #family   #parenting   #nwo   #chemtrails   #gmo    #health    #vaccines   #obamacare   #life   #God   #jesus",
        "replies": "",
        "retweets": "",
        "likes": "",
        "app": "health insurance scam"
    },
    {
        "search_link": "https://twitter.com/search?q=%23health%20%23insurance%20%23scam&src=typed_query&f=top",
        "user_name": "Nicole Hansen",
        "user_handle": "/nikkihans",
        "tweet_date": "Sep 27, 2012",
        "timestamp": "2012-09-27T16:53:17.000Z",
        "tweet_content": "#ANTHEMBlueCross  Just raised my   #insurance   rates bcause of  #OBAMAcare ! They said it will continue 2 increase... Can you say,   #SCAM  ?   #health",
        "replies": "1",
        "retweets": "",
        "likes": "",
        "app": "health insurance scam"
    },
    {
        "search_link": "https://twitter.com/search?q=%23health%20%23insurance%20%23scam&src=typed_query&f=top",
        "user_name": "Coach Phil H",
        "user_handle": "/PhilHosey",
        "tweet_date": "Nov 17, 2018",
        "timestamp": "2018-11-16T19:15:09.000Z",
        "tweet_content": "But you guys keep getting those vaccines... repost from ancestorseye9\n\n #vaccines    #health    #lies   #youvebeenfooled   #itsnotwhatyouthink   #wakeup    #scam  ....   #insurance  ,  #medical ,… ",
        "replies": "",
        "retweets": "",
        "likes": "",
        "app": "health insurance scam"
    },
    {
        "search_link": "https://twitter.com/search?q=%23health%20%23insurance%20%23scam&src=typed_query&f=top",
        "user_name": "Bina Pattel",
        "user_handle": "/BinaPattel",
        "tweet_date": "Aug 11, 2018",
        "timestamp": "2018-08-11T06:20:56.000Z",
        "tweet_content": "GANGSTERS USE VULNERABLE PEOPLE WITH HISTORY OF DRUG  #ADDICTION   #POVERTY   #ALCOHOLISM  & MENTAL   #HEALTH   ISSUES TO HAVE LIMBS BROKEN THEN FAKE CAR  #ACCIDENT \n  #INSURANCE     #SCAM  \n\nWHY IS THIS HAPPENING IN OUR WORLD TODAY\n\nWHO DO WE BLAME\n \n",
        "replies": "",
        "retweets": "1",
        "likes": "1",
        "app": "health insurance scam"
    },
    {
        "search_link": "https://twitter.com/search?q=%23health%20%23insurance%20%23scam&src=typed_query&f=top",
        "user_name": "Dan G.",
        "user_handle": "/crash_account",
        "tweet_date": "Apr 4, 2012",
        "timestamp": "2012-04-04T02:24:48.000Z",
        "tweet_content": "The   #insurance    #industry  is such a   #scam  .Pay  #premium  after premium, never to see any value & Obama wants to make   #health   insur.mandatory?HA",
        "replies": "",
        "retweets": "",
        "likes": "",
        "app": "health insurance scam"
    },
    {
        "search_link": "https://twitter.com/search?q=%23health%20%23insurance%20%23scam&src=typed_query&f=top",
        "user_name": "INFANTRY COMBAT VET",
        "user_handle": "/John_Kieffer",
        "tweet_date": "Sep 24, 2010",
        "timestamp": "2010-09-23T18:43:42.000Z",
        "tweet_content": "List of   #SCAM     #health     #insurance   companies (many are  #Association  types from  #Texas ): http://bit.ly/cRod4T   #tcot",
        "replies": "",
        "retweets": "",
        "likes": "",
        "app": "health insurance scam"
    },
    {
        "search_link": "https://twitter.com/search?q=%23health%20%23insurance%20%23scam&src=typed_query&f=top",
        "user_name": "Foreclosure Help",
        "user_handle": "/foreclosure4",
        "tweet_date": "Jun 24, 2011",
        "timestamp": "2011-06-24T06:01:26.000Z",
        "tweet_content": "[WATCH]: Mandatory private health insurance - why? http://bit.ly/loKusq   #health     #INSURANCE    #Mandatory   #Nonprofit   #Obama   #private    #scam",
        "replies": "",
        "retweets": "",
        "likes": "",
        "app": "health insurance scam"
    },
    {
        "search_link": "https://twitter.com/search?q=%23health%20%23insurance%20%23scam&src=typed_query&f=top",
        "user_name": "Sir",
        "user_handle": "/SirProfOfPun",
        "tweet_date": "May 30, 2018",
        "timestamp": "2018-05-30T12:41:02.000Z",
        "tweet_content": "I’ll say the worst   #scam   in  #human   #history  after  #religion  & it’s 1st cousin  #politics  is obviously   #INSURANCE  !   #Health   being the worst, followed by all the rest. I’ve never felt more  #insecure  than when I’m fully  #insured .",
        "replies": "",
        "retweets": "",
        "likes": "",
        "app": "health insurance scam"
    },
    {
        "search_link": "https://twitter.com/search?q=%23health%20%23insurance%20%23scam&src=typed_query&f=top",
        "user_name": "Michael Letwin",
        "user_handle": "/MichaelLetwin",
        "tweet_date": "Nov 7, 2013",
        "timestamp": "2013-11-07T03:17:45.000Z",
        "tweet_content": "'In what is perhaps the greatest  #corporate    #scam   ever, not only did the   #health     #insurance    #corporations  write... ",
        "replies": "",
        "retweets": "",
        "likes": "",
        "app": "health insurance scam"
    },
    {
        "search_link": "https://twitter.com/search?q=%23health%20%23insurance%20%23scam&src=typed_query&f=top",
        "user_name": "Relax In Dubai",
        "user_handle": "/RelaxInDubai",
        "tweet_date": "Nov 24, 2015",
        "timestamp": "2015-11-24T13:02:15.000Z",
        "tweet_content": "_InsurancesInfo: Big   #Insurance  's   #Health   Care   #Scam   for the  #Holidays : Last week United Health Care (UHC), the co… ",
        "replies": "",
        "retweets": "",
        "likes": "",
        "app": "health insurance scam"
    },
    {
        "search_link": "https://twitter.com/search?q=%23health%20%23insurance%20%23scam&src=typed_query&f=top",
        "user_name": "Relax In Dubai",
        "user_handle": "/RelaxInDubai",
        "tweet_date": "Nov 24, 2015",
        "timestamp": "2015-11-24T13:02:15.000Z",
        "tweet_content": "_Insurance_News: Big   #Insurance  's   #Health   Care   #Scam   for the  #Holidays : Last week United Health Care (UHC), the co… ",
        "replies": "",
        "retweets": "",
        "likes": "",
        "app": "health insurance scam"
    },
    {
        "search_link": "https://twitter.com/search?q=%23health%20%23insurance%20%23scam&src=typed_query&f=top",
        "user_name": "Insurance Tips News",
        "user_handle": "/_InsurancesInfo",
        "tweet_date": "Mar 5, 2016",
        "timestamp": "2016-03-05T02:50:47.000Z",
        "tweet_content": "#Health     #Insurance    #Marketplace    #Scam   Alert: For most people, the last day to enroll in a health plan for 2016... ",
        "replies": "",
        "retweets": "",
        "likes": "",
        "app": "health insurance scam"
    },
    {
        "search_link": "https://twitter.com/search?q=%23health%20%23insurance%20%23scam&src=typed_query&f=top",
        "user_name": "Insurance Tips News",
        "user_handle": "/_InsurancesInfo",
        "tweet_date": "Nov 24, 2015",
        "timestamp": "2015-11-24T12:57:51.000Z",
        "tweet_content": "Big   #Insurance  's   #Health   Care   #Scam   for the  #Holidays : Last week United Health Care (UHC), the country's large... ",
        "replies": "",
        "retweets": "",
        "likes": "",
        "app": "health insurance scam"
    },
    {
        "search_link": "https://twitter.com/search?q=%23health%20%23insurance%20%23scam&src=typed_query&f=top",
        "user_name": "Making Money",
        "user_handle": "/Bmakingmoney",
        "tweet_date": "Nov 7, 2011",
        "timestamp": "2011-11-06T22:04:28.000Z",
        "tweet_content": "[WATCH]: City Hall Health Insurance Scam    #city   #hall    #health     #insurance    #News    #Scam",
        "replies": "",
        "retweets": "",
        "likes": "",
        "app": "health insurance scam"
    },
    {
        "search_link": "https://twitter.com/search?q=%23health%20%23insurance%20%23scam&src=typed_query&f=top",
        "user_name": "Insurance News",
        "user_handle": "/_Insurance_News",
        "tweet_date": "Mar 5, 2016",
        "timestamp": "2016-03-05T03:20:59.000Z",
        "tweet_content": "#Health     #Insurance    #Marketplace    #Scam   Alert: For most people, the last day to enroll in a health plan for 2016... ",
        "replies": "",
        "retweets": "",
        "likes": "",
        "app": "health insurance scam"
    },
    {
        "search_link": "https://twitter.com/search?q=%23health%20%23insurance%20%23scam&src=typed_query&f=top",
        "user_name": "Haych Storm©",
        "user_handle": "/Global_indie",
        "tweet_date": "Apr 2, 2010",
        "timestamp": "2010-04-02T03:54:07.000Z",
        "tweet_content": "A MUST see Video! iSelect   #Scam   http://bit.ly/cTVEPU IF you care about   #health     #insurance  , then see the wrought!",
        "replies": "",
        "retweets": "",
        "likes": "",
        "app": "health insurance scam"
    },
    {
        "search_link": "https://twitter.com/search?q=%23health%20%23insurance%20%23scam&src=typed_query&f=top",
        "user_name": "Insurance News",
        "user_handle": "/_Insurance_News",
        "tweet_date": "Nov 24, 2015",
        "timestamp": "2015-11-24T12:57:51.000Z",
        "tweet_content": "Big   #Insurance  's   #Health   Care   #Scam   for the  #Holidays : Last week United Health Care (UHC), the country's large... ",
        "replies": "",
        "retweets": "",
        "likes": "",
        "app": "health insurance scam"
    },
    {
        "search_link": "https://twitter.com/search?q=%23health%20%23insurance%20%23scam&src=typed_query&f=top",
        "user_name": "IMGlobal",
        "user_handle": "/Indie_WoW",
        "tweet_date": "Apr 2, 2010",
        "timestamp": "2010-04-02T03:54:06.000Z",
        "tweet_content": "A MUST see Video! iSelect   #Scam   http://bit.ly/cTVEPU IF you care about   #health     #insurance  , then see the wrought!",
        "replies": "",
        "retweets": "",
        "likes": "",
        "app": "health insurance scam"
    },
    {
        "search_link": "https://twitter.com/search?q=%23health%20%23insurance%20%23scam&src=typed_query&f=top",
        "user_name": "Jennifer Stephen",
        "user_handle": "/Jennife81331815",
        "tweet_date": "Apr 22, 2021",
        "timestamp": "2021-04-22T13:13:40.000Z",
        "tweet_content": "Few Steps to Avoid   #Health     #Insurance    #Scams \nAccording to  #Healthcare  Tech Outlook   #Scam   Healthcare, scams increases rapidly.\nRead more: \n #tech   #healthtech   #technology",
        "replies": "",
        "retweets": "",
        "likes": "",
        "app": "health insurance scam"
    },
    {
        "search_link": "https://twitter.com/search?q=%23health%20%23insurance%20%23scam&src=typed_query&f=top",
        "user_name": "Richard Blaise & Associates",
        "user_handle": "/RichardBlaise",
        "tweet_date": "Jun 23, 2020",
        "timestamp": "2020-06-23T02:11:01.000Z",
        "tweet_content": "Medicare fraud seems to be quite the issue - \n\n \n #medicare   #million    #health     #insurance    #claims   #adjuster   #news   #fraud   #insuranceadjuster   #disasters   #COVID19    #scam",
        "replies": "",
        "retweets": "",
        "likes": "",
        "app": "health insurance scam"
    },
    {
        "search_link": "https://twitter.com/search?q=%23health%20%23insurance%20%23scam&src=typed_query&f=top",
        "user_name": "CommsNet Group",
        "user_handle": "/CommsNetGroup",
        "tweet_date": "Sep 14, 2020",
        "timestamp": "2020-09-14T05:10:00.000Z",
        "tweet_content": "Yikes...What some people do in order to scam others. Check out this story - Woman deliberately cuts her hand off in a $1.2m insurance scam. \n \n  #scam     #insurance     #health    #healthylifestyle   #riskmanagement   #Medical   #businesses   #Governance   #fraud",
        "replies": "",
        "retweets": "1",
        "likes": "",
        "app": "health insurance scam"
    },
    {
        "search_link": "https://twitter.com/search?q=%23health%20%23insurance%20%23scam&src=typed_query&f=top",
        "user_name": "Rich Samuels",
        "user_handle": "/rickflix",
        "tweet_date": "May 10, 2011",
        "timestamp": "2011-05-10T00:45:25.000Z",
        "tweet_content": "\"High Quality Customer Service?\"   My New Vlog about the opposite!    http://youtu.be/WJAGhLn1_MU   #insurance  ,  #aetna    #scam     #health",
        "replies": "",
        "retweets": "",
        "likes": "",
        "app": "health insurance scam"
    },
    {
        "search_link": "https://twitter.com/search?q=%23health%20%23insurance%20%23scam&src=typed_query&f=top",
        "user_name": "Abigail",
        "user_handle": "/TeriCottone",
        "tweet_date": "Oct 26, 2019",
        "timestamp": "2019-10-26T04:16:49.000Z",
        "tweet_content": "#SickNotWeak   #SickleCell   #EDS   #Medicare   #MedicareForAmerica   #MedicareForAll   #Medical   #Medicare4All    #health    #healthdisparities   #HealthForAll   #seniors   #Disability   #DisabilityRights   #DisabilityTwitter   #Help    #health     #insurance     #scam",
        "replies": "1",
        "retweets": "8",
        "likes": "9",
        "app": "health insurance scam"
    },
    {
        "search_link": "https://twitter.com/search?q=%23health%20%23insurance%20%23scam&src=typed_query&f=top",
        "user_name": "ASuperWittyUserName",
        "user_handle": "/nikky_super",
        "tweet_date": "Mar 3, 2021",
        "timestamp": "2021-03-02T18:40:17.000Z",
        "tweet_content": "You cant read the whole thing.   #Health     #insurance   is a   #scam   - Nicole Verner The Website    #uhc   #healthinsuranceisascam   #treatthepeoplelikepeople",
        "replies": "",
        "retweets": "",
        "likes": "",
        "app": "health insurance scam"
    },
    {
        "search_link": "https://twitter.com/search?q=%23health%20%23insurance%20%23scam&src=typed_query&f=top",
        "user_name": "Count The VOTE",
        "user_handle": "/MydibaTh",
        "tweet_date": "Oct 12, 2017",
        "timestamp": "2017-10-12T17:12:46.000Z",
        "tweet_content": "#GOP   #TrumpCare  = Allow    #insurance   companies to sell  #defective   #products  and abuse   #health    #consumers .  #Think   #TrumpUniversity    #Scam",
        "replies": "",
        "retweets": "3",
        "likes": "3",
        "app": "health insurance scam"
    },
    {
        "search_link": "https://twitter.com/search?q=%23health%20%23insurance%20%23scam&src=typed_query&f=top",
        "user_name": "Jay Baldauf",
        "user_handle": "/ArchAppleIns",
        "tweet_date": "Feb 24, 2016",
        "timestamp": "2016-02-24T13:06:32.000Z",
        "tweet_content": "#FTC   #issues   #warning  about   #health     #insurance     #scam   ",
        "replies": "",
        "retweets": "",
        "likes": "",
        "app": "health insurance scam"
    },
    {
        "search_link": "https://twitter.com/search?q=%23health%20%23insurance%20%23scam&src=typed_query&f=top",
        "user_name": "Dharmessh Desai",
        "user_handle": "/dharmesshdesai",
        "tweet_date": "Jul 1, 2019",
        "timestamp": "2019-07-01T08:09:26.000Z",
        "tweet_content": "Friends,to my  surprise  #Religare    #Health     #Insurance    #Company    #Health     #insurance   (unique     #scam   of insurance industry) without my knowledge rejected my old health policy. One of the worst and cheater company that I've come across,  #Company  who only belives in  #looting   #customer",
        "replies": "2",
        "retweets": "3",
        "likes": "5",
        "app": "health insurance scam"
    },
    {
        "search_link": "https://twitter.com/search?q=%23health%20%23insurance%20%23scam&src=typed_query&f=top",
        "user_name": "Trivial Facts",
        "user_handle": "/trivialfact",
        "tweet_date": "Mar 5, 2014",
        "timestamp": "2014-03-05T00:49:21.000Z",
        "tweet_content": "10% of Americans make up 67% of   #health     #insurance   use.   #obamacare   #government    #scam",
        "replies": "",
        "retweets": "",
        "likes": "",
        "app": "health insurance scam"
    },
    {
        "search_link": "https://twitter.com/search?q=%23health%20%23insurance%20%23scam&src=typed_query&f=top",
        "user_name": "BTC Skywalker",
        "user_handle": "/BTCSkywalker",
        "tweet_date": "Oct 8, 2022",
        "timestamp": "2022-10-08T02:54:09.000Z",
        "tweet_content": " If politicians with huge salaries get free medical insurance for themselves and families for life, why aren’t citizens getting the same?  Are your wife & kids more important to than mine?   #health     #scam    #corruption   #life   #citizens   #family   #help   #Respect    #insurance    #change",
        "replies": "2",
        "retweets": "",
        "likes": "",
        "app": "health insurance scam"
    },
    {
        "search_link": "https://twitter.com/search?q=%23health%20%23insurance%20%23scam&src=typed_query&f=top",
        "user_name": "Mary Clark GCPM",
        "user_handle": "/gcpropertymanag",
        "tweet_date": "Oct 15, 2012",
        "timestamp": "2012-10-15T00:02:26.000Z",
        "tweet_content": " Yes, 48000  #Americans  died this year for lack of available   #health     #insurance  .  #Diabetics  know. So does everyone else.  #insulin    #scam",
        "replies": "",
        "retweets": "",
        "likes": "2",
        "app": "health insurance scam"
    },
    {
        "search_link": "https://twitter.com/search?q=%23health%20%23insurance%20%23scam&src=typed_query&f=top",
        "user_name": "Grace Fadele",
        "user_handle": "/GraceFadele",
        "tweet_date": "Jun 7, 2022",
        "timestamp": "2022-06-07T14:49:08.000Z",
        "tweet_content": "#Health     #Insurance     #Scam   ",
        "replies": "",
        "retweets": "",
        "likes": "",
        "app": "health insurance scam"
    },
    {
        "search_link": "https://twitter.com/search?q=%23health%20%23insurance%20%23scam&src=typed_query&f=top",
        "user_name": "Richard Blaise & Associates",
        "user_handle": "/RichardBlaise",
        "tweet_date": "Aug 1, 2020",
        "timestamp": "2020-08-01T01:07:01.000Z",
        "tweet_content": "Former acupuncturist enters plead deal - \n\n \n #medical    #health    #scheme    #insurance    #news   #claims   #adjuster   #insuranceadjuster   #disasters   #fraud   #lawsuit    #scam    #data",
        "replies": "",
        "retweets": "",
        "likes": "",
        "app": "health insurance scam"
    },
    {
        "search_link": "https://twitter.com/search?q=%23health%20%23insurance%20%23scam&src=typed_query&f=top",
        "user_name": "JK Svearike",
        "user_handle": "/AudioCode3",
        "tweet_date": "Feb 14, 2019",
        "timestamp": "2019-02-13T21:32:08.000Z",
        "tweet_content": "And we thought the scorpion antidote Anascorp gouge was bad! In other countries, Anascorp costs less than $100, but in the U.S. it can cost up to $50, 000. FACT: If Americans were not getting ripped off so badly by a   #scam   medical system, they would not need   #health     #insurance  ...",
        "replies": "1",
        "retweets": "",
        "likes": "",
        "app": "health insurance scam"
    },
    {
        "search_link": "https://twitter.com/search?q=%23health%20%23insurance%20%23scam&src=typed_query&f=top",
        "user_name": "DaTruth",
        "user_handle": "/DaWholeTwuth",
        "tweet_date": "Oct 14, 2018",
        "timestamp": "2018-10-13T19:00:34.000Z",
        "tweet_content": "#Corporations  love to take your money and then deny you YOUR MONEY\n #Medicare   #theft    #health     #insurance     #scam    #premiums",
        "replies": "",
        "retweets": "",
        "likes": "",
        "app": "health insurance scam"
    },
    {
        "search_link": "https://twitter.com/search?q=%23health%20%23insurance%20%23scam&src=typed_query&f=top",
        "user_name": "J",
        "user_handle": "/SnrgstcElements",
        "tweet_date": "Mar 26, 2019",
        "timestamp": "2019-03-25T20:15:51.000Z",
        "tweet_content": " when r u going 2 fix this   #health     #insurance    #crisis  ? I can't afford this! My daughter & I don't have  #healthinsurance  this year. Comparison: Annual salary Left @ 60k/yr, Right @ 100k/yr.  #sad    #scam    #biginsurance   #oppression   #HealthcareForAll",
        "replies": "",
        "retweets": "",
        "likes": "",
        "app": "health insurance scam"
    },
    {
        "search_link": "https://twitter.com/search?q=%23health%20%23insurance%20%23scam&src=typed_query&f=top",
        "user_name": "Insurance Tips News",
        "user_handle": "/_InsurancesInfo",
        "tweet_date": "Nov 17, 2015",
        "timestamp": "2015-11-17T00:33:54.000Z",
        "tweet_content": "#Health     #Insurance   enrollment   #Scam   operating in Kansas: A health insurance enrollment scam is reportedly circ... ",
        "replies": "",
        "retweets": "",
        "likes": "",
        "app": "health insurance scam"
    },
    {
        "search_link": "https://twitter.com/search?q=%23health%20%23insurance%20%23scam&src=typed_query&f=top",
        "user_name": "Karen Joyce",
        "user_handle": "/photontrace",
        "tweet_date": "Nov 23, 2018",
        "timestamp": "2018-11-23T00:23:41.000Z",
        "tweet_content": "After reading that, I’m sitting here repeating “be calm, be reasonable”.\nBefore this I thought it was ok for some insurance to be privately operated. \nNow it seems like socialised insurance is the way to go & ditch the private providers.   #health     #insurance     #scam",
        "replies": "",
        "retweets": "",
        "likes": "2",
        "app": "health insurance scam"
    },
    {
        "search_link": "https://twitter.com/search?q=%23health%20%23insurance%20%23scam&src=typed_query&f=top",
        "user_name": "13",
        "user_handle": "/fx_13",
        "tweet_date": "Aug 3, 2010",
        "timestamp": "2010-08-03T15:56:00.000Z",
        "tweet_content": " just go spammed over twitter for health insurance deals.   #scam     #health     #insurance",
        "replies": "",
        "retweets": "",
        "likes": "",
        "app": "health insurance scam"
    },
    {
        "search_link": "https://twitter.com/search?q=%23health%20%23insurance%20%23scam&src=typed_query&f=top",
        "user_name": "Insurance News",
        "user_handle": "/_Insurance_News",
        "tweet_date": "Nov 7, 2015",
        "timestamp": "2015-11-07T18:16:32.000Z",
        "tweet_content": "Tokyo cops arrest yakuza in   #Health     #Insurance     #Scam   #: TOKYO (TR) – Tokyo Metropolitan Police on Friday buste... ",
        "replies": "",
        "retweets": "",
        "likes": "",
        "app": "health insurance scam"
    },
    {
        "search_link": "https://twitter.com/search?q=%23health%20%23insurance%20%23scam&src=typed_query&f=top",
        "user_name": "os",
        "user_handle": "/abctweet100",
        "tweet_date": "Mar 25",
        "timestamp": "2023-03-25T15:22:33.000Z",
        "tweet_content": "Doctors deny tens of thousands of insurance claims a month without looking at patients’ files.\n  #health     #Insurance  \n“We literally click & submit,” a former Cigna doctor told   &  . “It takes all of 10 seconds to do 50 at a time.”  #Deny   #Claims    #SCAM",
        "replies": "",
        "retweets": "2",
        "likes": "1",
        "app": "health insurance scam"
    },
    {
        "search_link": "https://twitter.com/search?q=%23health%20%23insurance%20%23scam&src=typed_query&f=top",
        "user_name": "Leah Houston MD",
        "user_handle": "/LeahHoustonMD",
        "tweet_date": "Sep 5, 2018",
        "timestamp": "2018-09-05T10:45:44.000Z",
        "tweet_content": "#health     #insurance   is a   #scam   & a waste of  It’s not until there is a  #healthcare  crisis and   hits the fan we find out it’s  #worthless  and by then it’s  #toolate  ",
        "replies": "",
        "retweets": "1",
        "likes": "4",
        "app": "health insurance scam"
    },
    {
        "search_link": "https://twitter.com/search?q=%23health%20%23insurance%20%23scam&src=typed_query&f=top",
        "user_name": "JPierceA",
        "user_handle": "/JPierceA",
        "tweet_date": "Nov 14, 2018",
        "timestamp": "2018-11-14T02:01:51.000Z",
        "tweet_content": ". #HealthCare .gov  #DataBreach  reveals info on 75,000 people ::::   #Scam    #Scammers   #Fraud   #ScamAlert    #Health    #Medical    #Insurance",
        "replies": "",
        "retweets": "",
        "likes": "",
        "app": "health insurance scam"
    },
    {
        "search_link": "https://twitter.com/search?q=%23health%20%23insurance%20%23scam&src=typed_query&f=top",
        "user_name": "Intel Minutemen",
        "user_handle": "/IntelMM",
        "tweet_date": "Nov 24, 2015",
        "timestamp": "2015-11-23T19:25:36.000Z",
        "tweet_content": "Big   #Insurance  's   #Health  -Care   #Scam   for the Holidays    #news   #politics   #IntelMM   #OSINT",
        "replies": "",
        "retweets": "",
        "likes": "",
        "app": "health insurance scam"
    },
    {
        "search_link": "https://twitter.com/search?q=%23health%20%23insurance%20%23scam&src=typed_query&f=top",
        "user_name": "Messageplicity Media",
        "user_handle": "/messageplicity",
        "tweet_date": "Mar 22, 2020",
        "timestamp": "2020-03-22T14:38:19.000Z",
        "tweet_content": "Scam Alert - Scammers use robocalls to make false offers for free  #coronavirus  test kits and low-priced health   #insurance     via     #Scam    #Robocalls    #Health    #CONVID19",
        "replies": "",
        "retweets": "2",
        "likes": "",
        "app": "health insurance scam"
    },
    {
        "search_link": "https://twitter.com/search?q=%23health%20%23insurance%20%23scam&src=typed_query&f=top",
        "user_name": "The Buckhead Atlanta",
        "user_handle": "/ViningsCRE",
        "tweet_date": "Jun 12",
        "timestamp": "2023-06-12T16:46:17.000Z",
        "tweet_content": "#HealthInsurance    #Scam   Alert - As a  #Realtor  in  #Atlanta  who provides   #health     #insurance  , I am always looking to protecting  #Realtors  interests. The  #NAR  DOES NOT provide a discount on individual policies. You can verify it yourself.",
        "replies": "2",
        "retweets": "1",
        "likes": "",
        "app": "health insurance scam"
    },
    {
        "search_link": "https://twitter.com/search?q=%23health%20%23insurance%20%23scam&src=typed_query&f=top",
        "user_name": "Tim Nelligan",
        "user_handle": "/tnteacherTim",
        "tweet_date": "Mar 2, 2020",
        "timestamp": "2020-03-02T09:58:34.000Z",
        "tweet_content": ".  \nOh, yet ANOTHER very sibilant \"Travel Professional\" giving commentary on   #HEALTH    #hse  issues.....\n\nAlso, CONSPIRACY among  #govtLies / #travelcompanies /  #INSURANCE  .\n\nRest assured, they'll SCREW YOU, if they can!\n #pknt    #scam",
        "replies": "",
        "retweets": "",
        "likes": "",
        "app": "health insurance scam"
    },
    {
        "search_link": "https://twitter.com/search?q=%23health%20%23insurance%20%23scam&src=typed_query&f=top",
        "user_name": "Comedians at Law",
        "user_handle": "/ComediansatLaw",
        "tweet_date": "Apr 23, 2012",
        "timestamp": "2012-04-23T15:54:19.000Z",
        "tweet_content": "#health     #insurance    #companies  are   #scam   artists -- Agree?  Disagree?  Why?",
        "replies": "",
        "retweets": "",
        "likes": "",
        "app": "health insurance scam"
    },
    {
        "search_link": "https://twitter.com/search?q=%23health%20%23insurance%20%23scam&src=typed_query&f=top",
        "user_name": "Mikael Gregg",
        "user_handle": "/MikaelGregg",
        "tweet_date": "Nov 17, 2015",
        "timestamp": "2015-11-17T14:52:21.000Z",
        "tweet_content": "#health     #insurance     #scam    #obamacare   #aca   #affordable   #care   #act   #savings   #republican   #democrat   #meme … ",
        "replies": "",
        "retweets": "",
        "likes": "",
        "app": "health insurance scam"
    },
    {
        "search_link": "https://twitter.com/search?q=%23health%20%23insurance%20%23scam&src=typed_query&f=top",
        "user_name": "Danita Blackwood",
        "user_handle": "/DanitaBlackwood",
        "tweet_date": "Mar 22, 2020",
        "timestamp": "2020-03-22T09:38:37.000Z",
        "tweet_content": "Scam Alert!  -Scammers use robocalls to make fake offers for free  #coronavirus  test kits and low-priced health   #insurance     via     #Scam    #Robocalls    #Health    #CONVID19",
        "replies": "",
        "retweets": "4",
        "likes": "1",
        "app": "health insurance scam"
    },
    {
        "search_link": "https://twitter.com/search?q=%23health%20%23insurance%20%23scam&src=typed_query&f=top",
        "user_name": "Maribeth Doran",
        "user_handle": "/mdmv",
        "tweet_date": "Aug 23, 2021",
        "timestamp": "2021-08-23T16:25:00.000Z",
        "tweet_content": "Hospitals & insurers did not want you to see these prices. Here’s why:     #health    #healthcare    #insurance     #scam",
        "replies": "",
        "retweets": "",
        "likes": "",
        "app": "health insurance scam"
    },
    {
        "search_link": "https://twitter.com/search?q=%23health%20%23insurance%20%23scam&src=typed_query&f=top",
        "user_name": "Funky Dude",
        "user_handle": "/TheonlyFunkyOne",
        "tweet_date": "Mar 20, 2016",
        "timestamp": "2016-03-20T14:03:06.000Z",
        "tweet_content": "How buying travel in…  \n #RBC   #fail    #scam    #greed   #corporate   #robbers   #cdnpoli   #Canada   #Canucks    #insurance    #life    #health",
        "replies": "",
        "retweets": "1",
        "likes": "1",
        "app": "health insurance scam"
    },
    {
        "search_link": "https://twitter.com/search?q=%23health%20%23insurance%20%23scam&src=typed_query&f=top",
        "user_name": "Carl Izzi",
        "user_handle": "/Carl_Izzi",
        "tweet_date": "Feb 15, 2018",
        "timestamp": "2018-02-15T00:07:47.000Z",
        "tweet_content": "Hello  . Paying cash for an MRI for my child’s injury. 8 days into the pre-authorization process with   and no one can explain why there is no answer even though their decision policy is 48 hrs.  #florida    #health     #insurance    #ambetter    #scam",
        "replies": "",
        "retweets": "",
        "likes": "1",
        "app": "health insurance scam"
    },
    {
        "search_link": "https://twitter.com/search?q=%23health%20%23insurance%20%23scam&src=typed_query&f=top",
        "user_name": "Ripoff Report",
        "user_handle": "/RipoffReport",
        "tweet_date": "Mar 7, 2016",
        "timestamp": "2016-03-06T22:36:56.000Z",
        "tweet_content": "RIPOFF REPORT - SCAM ALERT - HEALTH INSURANCE MARKETPLACE\n  #SCAM    #ALERT   #IDENTITY   #THEFT    #HEALTH     #INSURANCE  ... ",
        "replies": "",
        "retweets": "",
        "likes": "",
        "app": "health insurance scam"
    },
    {
        "search_link": "https://twitter.com/search?q=%23health%20%23insurance%20%23scam&src=typed_query&f=top",
        "user_name": "Insurance Business America",
        "user_handle": "/InsuranceBizUS",
        "tweet_date": "Mar 7, 2018",
        "timestamp": "2018-03-07T18:29:00.000Z",
        "tweet_content": "A  #NewYork  man has pleaded guilty to participating in a sweeping, multimillion-dollar   #insurance     #scam   in which state   #health   insurance plans were defrauded using phony  #prescriptions  ",
        "replies": "",
        "retweets": "",
        "likes": "",
        "app": "health insurance scam"
    }
]