[
    {
        "search_link": "https://twitter.com/search?q=%23icicilombard%20%23customerexperience&src=typed_query&f=top",
        "user_name": "ajit narayan",
        "user_handle": "/ajit_aj",
        "tweet_date": "Aug 19",
        "timestamp": "2023-08-19T02:53:19.000Z",
        "tweet_content": "Well FOUR MORE days have gone by. And STILL no resolution to a really simple issue. Give me my POLICY. \n\n  #CustomerExperience     #icicilombard",
        "replies": "",
        "retweets": "",
        "likes": "",
        "app": "ICICI"
    },
    {
        "search_link": "https://twitter.com/search?q=%23icicilombard%20%23customerexperience&src=typed_query&f=top",
        "user_name": "Dinesh_Chhagani",
        "user_handle": "/ChhaganiDinesh",
        "tweet_date": "May 23",
        "timestamp": "2023-05-23T16:43:36.000Z",
        "tweet_content": "Paid on 29th, Still not received   #ICICILombard   +  #bhartiaxa   #health  policy.\nGreat going companies.. fooling peoples...\nAmazing business..\n\n #insurance    #customerexperience    #policyfool   #purebusiness   #RBI",
        "replies": "1",
        "retweets": "",
        "likes": "",
        "app": "ICICI"
    },
    null,
    {
        "search_link": "https://twitter.com/search?q=%23icicilombard%20%23customerexperience&src=typed_query&f=top",
        "user_name": "Arpit Raikwar",
        "user_handle": "/arpit1702",
        "tweet_date": "Jan 13",
        "timestamp": "2023-01-13T14:16:26.000Z",
        "tweet_content": " Waiting for the approval of claim with policy number  IL18234499403 since afternoon. Unable to connect with customer care for the same. Need urgent help, please help.   #icicilombard     #customerexperience",
        "replies": "1",
        "retweets": "",
        "likes": "",
        "app": "ICICI"
    },
    {
        "search_link": "https://twitter.com/search?q=%23icicilombard%20%23customerexperience&src=typed_query&f=top",
        "user_name": "sanjay bajaj",
        "user_handle": "/iiirdi",
        "tweet_date": "Sep 29, 2020",
        "timestamp": "2020-09-29T07:21:52.000Z",
        "tweet_content": " unable to understand made payment yet policy shows to be renewed   #icicilombard    #insurance  need to have better   #CustomerExperience",
        "replies": "1",
        "retweets": "",
        "likes": "",
        "app": "ICICI"
    },
    {
        "search_link": "https://twitter.com/search?q=%23icicilombard%20%23customerexperience&src=typed_query&f=top",
        "user_name": "Shweta  Sandeep",
        "user_handle": "/shwetasandeep94",
        "tweet_date": "May 8, 2020",
        "timestamp": "2020-05-08T08:22:29.000Z",
        "tweet_content": "   one of the worst service providers when it comes to CUSTOMER CARE AND TRAVEL INSURANCE ! Its a SHAME to have trusted this Brand when in times of NEED ! SO DISAPPOINTED   #icicilombard    #ICICIBank   #CustomerService    #CustomerExperience",
        "replies": "1",
        "retweets": "1",
        "likes": "",
        "app": "ICICI"
    },
    {
        "search_link": "https://twitter.com/search?q=%23icicilombard%20%23customerexperience&src=typed_query&f=top",
        "user_name": "sanjay bajaj",
        "user_handle": "/iiirdi",
        "tweet_date": "Oct 2, 2020",
        "timestamp": "2020-10-02T13:26:50.000Z",
        "tweet_content": " irresponsible  #insurance  agency   #icicilombard   payment made on 23 sept trough  #ICICIBank  looks like its a collaborative cheating  #pathetic    #CustomerExperience",
        "replies": "1",
        "retweets": "",
        "likes": "",
        "app": "ICICI"
    },
    {
        "search_link": "https://twitter.com/search?q=%23icicilombard%20%23customerexperience&src=typed_query&f=top",
        "user_name": "sanjay bajaj",
        "user_handle": "/iiirdi",
        "tweet_date": "Oct 7, 2020",
        "timestamp": "2020-10-07T13:52:21.000Z",
        "tweet_content": "Feel sad when it comes to being responsive customer isn't reachable anyhow expected this response  #pathetic   #CustomerService    #CustomerExperience     #icicilombard    #insurance",
        "replies": "",
        "retweets": "",
        "likes": "",
        "app": "ICICI"
    },
    {
        "search_link": "https://twitter.com/search?q=%23icicilombard%20%23customerexperience&src=typed_query&f=top",
        "user_name": "Swaraj Singh",
        "user_handle": "/swarajpoot",
        "tweet_date": "Mar 9, 2021",
        "timestamp": "2021-03-09T15:49:15.000Z",
        "tweet_content": " this is how you work? NO RESPONSE !!!  #IRDA   #insurance   #beema   #बीमा   #LIC   #financenews   #SCAM    #customerexperience    #customerinsights    #ICICILombard    #HDFCLIFE  #",
        "replies": "",
        "retweets": "",
        "likes": "",
        "app": "ICICI"
    },
    {
        "search_link": "https://twitter.com/search?q=%23icicilombard%20%23customerexperience&src=typed_query&f=top",
        "user_name": "chintan maru",
        "user_handle": "/chintankmaru",
        "tweet_date": "Jul 31, 2018",
        "timestamp": "2018-07-31T13:43:22.000Z",
        "tweet_content": "#icicilombard   And this what happens with major insurance company they like to just keep mum and like customer to just follow up to settle up with d claims  #insurance   #Claims   #customermercy   #3months   #noupdates   #pathetic    #CustomerExperience   claim no. \n #MAR000414135 /89",
        "replies": "4",
        "retweets": "1",
        "likes": "1",
        "app": "ICICI"
    },
    {
        "search_link": "https://twitter.com/search?q=%23icicilombard%20%23customerexperience&src=typed_query&f=top",
        "user_name": "Deepika Mahansaria",
        "user_handle": "/DMahansaria",
        "tweet_date": "Oct 25, 2021",
        "timestamp": "2021-10-25T04:36:53.000Z",
        "tweet_content": " can you really help me response time.\n\n  #ICICILombard    #unsatisfied   #pathethic    #CustomerExperience",
        "replies": "1",
        "retweets": "",
        "likes": "",
        "app": "ICICI"
    },
    {
        "search_link": "https://twitter.com/search?q=%23icicilombard%20%23customerexperience&src=typed_query&f=top",
        "user_name": "Kapil Solanki",
        "user_handle": "/Ksolanki88",
        "tweet_date": "May 4, 2019",
        "timestamp": "2019-05-04T06:45:35.000Z",
        "tweet_content": "I was also told, that once you made payment within 24-48 hours it should be transferred to your name but here you go, after waiting 48 hours also I haven't receive anything. Now asking to wait till 9th . Well done   #icicilombard  \n #CustomerService    #CustomerExperience    #insurance  -",
        "replies": "1",
        "retweets": "",
        "likes": "1",
        "app": "ICICI"
    },
    {
        "search_link": "https://twitter.com/search?q=%23icicilombard%20%23customerexperience&src=typed_query&f=top",
        "user_name": "Rashi sahai",
        "user_handle": "/Rashisahai05",
        "tweet_date": "Jan 23",
        "timestamp": "2023-01-23T12:23:05.000Z",
        "tweet_content": "#customerexperience    #customersatisfaction   #tatagroup    #ICICILombard     ",
        "replies": "1",
        "retweets": "",
        "likes": "1",
        "app": "ICICI"
    },
    {
        "search_link": "https://twitter.com/search?q=%23icicilombard%20%23customerexperience&src=typed_query&f=top",
        "user_name": "ICICI Lombard GIC",
        "user_handle": "/ICICILombard",
        "tweet_date": "Jul 31",
        "timestamp": "2023-07-31T07:48:40.000Z",
        "tweet_content": " Unlocking the Power of Mobile:   According to our latest survey, 59% of respondents prefer using Mobile to buy General Insurance!  \n  Learn more:  \n \n  #ICICILombard    #NibhayeVaade   #MobileFirst    #CustomerExperience",
        "replies": "12",
        "retweets": "1",
        "likes": "2",
        "app": "ICICI"
    }
]