[
    {
        "search_link": "https://twitter.com/search?q=%23icicibank%20%23healthinsurance&src=typed_query&f=top",
        "user_name": "M M K",
        "user_handle": "/Redfish18",
        "tweet_date": "Jun 3, 2021",
        "timestamp": "2021-06-03T05:10:58.000Z",
        "tweet_content": "Terrible service from   … almost they are getting on to my nerves. Think 100 times before buying insurance from  #ICICIPruLife  with your hard earned money.  #India    #Icicibank     #healthInsurance    #policybazar   #insurance      When will you respond?",
        "replies": "3",
        "retweets": "",
        "likes": "",
        "app": "icicibank"
    },
    {
        "search_link": "https://twitter.com/search?q=%23icicibank%20%23healthinsurance&src=typed_query&f=top",
        "user_name": "harsh shivhare",
        "user_handle": "/harsh_shivhare",
        "tweet_date": "Jan 19, 2021",
        "timestamp": "2021-01-19T00:29:33.000Z",
        "tweet_content": "Well said. Not settling claim nor replying on any email or phone also for last 3 months. Its a shame that biggest insurance company does like that..     #icicibank   @\n  #healthinsurance   ",
        "replies": "",
        "retweets": "",
        "likes": "",
        "app": "icicibank"
    },
    null,
    {
        "search_link": "https://twitter.com/search?q=%23icicibank%20%23healthinsurance&src=typed_query&f=top",
        "user_name": "harsh shivhare",
        "user_handle": "/harsh_shivhare",
        "tweet_date": "Jan 19, 2021",
        "timestamp": "2021-01-19T00:23:19.000Z",
        "tweet_content": "   #healthinsurance     #icicibank   have you just put this in dark records where no one reply to any email phone or update communication wrt to claim settlement.this is pathetic.   need help.   no one care",
        "replies": "",
        "retweets": "",
        "likes": "",
        "app": "icicibank"
    },
    {
        "search_link": "https://twitter.com/search?q=%23icicibank%20%23healthinsurance&src=typed_query&f=top",
        "user_name": "Er. Mitesh Gohil",
        "user_handle": "/mitesh3788",
        "tweet_date": "Jul 12, 2021",
        "timestamp": "2021-07-12T08:49:13.000Z",
        "tweet_content": "ICICI Lombard health policy is very bad .They not consider COVID claim. Request to all to cancel your policy in ICICI Lombard  and transfer to another agency.  #icicibank    #HealthMinister    #healthinsurance    #NarendraModi",
        "replies": "2",
        "retweets": "",
        "likes": "2",
        "app": "icicibank"
    },
    {
        "search_link": "https://twitter.com/search?q=%23icicibank%20%23healthinsurance&src=typed_query&f=top",
        "user_name": "SKY HI FORTUNES",
        "user_handle": "/SkyFortunes",
        "tweet_date": "May 11, 2020",
        "timestamp": "2020-05-11T11:45:07.000Z",
        "tweet_content": "This Mother’s Day, you can do certain things for your mother to make this day special for her from financial perspective,  #Happy_Mothers_day    #icicibank    #mutualfund   #Sip    #healthinsurance    #shares   #investments   #investor   #mutualfunds   #investing   #investmentstrategies   #stockmarket",
        "replies": "",
        "retweets": "",
        "likes": "",
        "app": "icicibank"
    },
    {
        "search_link": "https://twitter.com/search?q=%23icicibank%20%23healthinsurance&src=typed_query&f=top",
        "user_name": "OSIYAA FINANCIAL SERVICES",
        "user_handle": "/Osiyaafinserve",
        "tweet_date": "May 8, 2021",
        "timestamp": "2021-05-08T06:18:22.000Z",
        "tweet_content": "Health Insurance is protect you and your family with Medical expenses.\nNo Compromise On Your Family's Health.\n GET THE BEST VALUE\n SECURE YOUR FAMILY\n SAVES YOU TIME AND MONEY\n \n  #Healthinsurance    #Family   #osiyaafinserve    #ICICIbank    #bajajhealthinsurance",
        "replies": "",
        "retweets": "",
        "likes": "1",
        "app": "icicibank"
    },
    {
        "search_link": "https://twitter.com/search?q=%23icicibank%20%23healthinsurance&src=typed_query&f=top",
        "user_name": "United News of India",
        "user_handle": "/uniindianews",
        "tweet_date": "Sep 18, 2018",
        "timestamp": "2018-09-18T07:52:41.000Z",
        "tweet_content": "ICICI Bank ties up with HealthAssure to offer healthcare facilities to its NRI customers\n  #icicibank  \n  #healthinsurance  \n",
        "replies": "",
        "retweets": "",
        "likes": "",
        "app": "icicibank"
    },
    {
        "search_link": "https://twitter.com/search?q=%23icicibank%20%23healthinsurance&src=typed_query&f=top",
        "user_name": "Tamil Nadu Jobs",
        "user_handle": "/JobsTamilnadu",
        "tweet_date": "Jun 20, 2021",
        "timestamp": "2021-06-20T05:21:51.000Z",
        "tweet_content": "#ICICIPruLife   #Hiring   #Career   #Opportunities   #Insurance   #lifeinsurance   #Health   #Telecom    #ICICIBank    #Pharma   #Banking   #Chennai   #Mumbai   #Delhi   #Hyderabad   #Bangalore   #Retail   #MBA    #healthinsurance   ",
        "replies": "",
        "retweets": "",
        "likes": "",
        "app": "icicibank"
    },
    {
        "search_link": "https://twitter.com/search?q=%23icicibank%20%23healthinsurance&src=typed_query&f=top",
        "user_name": "ET BFSI",
        "user_handle": "/ETBFSI",
        "tweet_date": "Jul 30, 2022",
        "timestamp": "2022-07-30T06:07:07.000Z",
        "tweet_content": "Editor's pick : Top 5 in-depth stories of the week that you should not miss.\n\nRead Here -  \n \n  #ICICIbank    #HDFCbank   #assamfloods    #healthinsurance    #insuranceclaims   #tokenisation   #RBI   #bnpl   #neobank   #NitiAayog   #finance   #bfsi",
        "replies": "",
        "retweets": "",
        "likes": "1",
        "app": "icicibank"
    },
    {
        "search_link": "https://twitter.com/search?q=%23icicibank%20%23healthinsurance&src=typed_query&f=top",
        "user_name": "arvind sharma",
        "user_handle": "/arvindkumarscm",
        "tweet_date": "May 3",
        "timestamp": "2023-05-03T11:39:02.000Z",
        "tweet_content": "  #starHealthlns  still no response..how cheep and useless services.  #financeminister   #insurance    #healthinsurance    #bajajfinserv   #bajaj   #icicilombard   #sbilife   #hdfc    #ICICIBank    #NirmalaSitharaman   #ConsumerRights   #consumerprotection   #NarendraModi   #PMOIndia   #starhealth",
        "replies": "",
        "retweets": "2",
        "likes": "",
        "app": "icicibank"
    },
    {
        "search_link": "https://twitter.com/search?q=%23icicibank%20%23healthinsurance&src=typed_query&f=top",
        "user_name": "Zee Tamil News",
        "user_handle": "/ZeeTamilNews",
        "tweet_date": "Oct 29, 2020",
        "timestamp": "2020-10-29T10:25:59.000Z",
        "tweet_content": "699 ரூபாயில் கிடைக்கும் அசத்தலான காப்பீட்டு திட்டம்..!!!\n\n  #healthinsurance  \n  #icicibank  \n",
        "replies": "",
        "retweets": "",
        "likes": "",
        "app": "icicibank"
    },
    {
        "search_link": "https://twitter.com/search?q=%23icicibank%20%23healthinsurance&src=typed_query&f=top",
        "user_name": "Zee Tamil News",
        "user_handle": "/ZeeTamilNews",
        "tweet_date": "Dec 12, 2020",
        "timestamp": "2020-12-12T01:38:54.000Z",
        "tweet_content": "ICICI லோம்பார்ட் புதிய சுகாதார காப்பீட்டுத் திட்டம்: இனி 24x7 மருத்துவரை அணுகலாம்!\n\n  #ICICIBank  \n  #healthinsurance  \n #ICICILOMBARD \n",
        "replies": "",
        "retweets": "",
        "likes": "",
        "app": "icicibank"
    },
    {
        "search_link": "https://twitter.com/search?q=%23icicibank%20%23healthinsurance&src=typed_query&f=top",
        "user_name": "VTV Gujarati News and Beyond",
        "user_handle": "/VtvGujarati",
        "tweet_date": "Oct 15, 2019",
        "timestamp": "2019-10-15T07:35:04.000Z",
        "tweet_content": "આ બેંકમાં કરાવો 2 થી 3 લાખની FD, ફ્રી માં મળશે રૂપિયા 1 લાખનો હેલ્થ ઇન્શ્યોરન્સ\n\n #Business    #IciciBank     #HealthInsurance    #FixedDeposit  ",
        "replies": "2",
        "retweets": "1",
        "likes": "",
        "app": "icicibank"
    }
]