[
    {
        "search_link": "https://twitter.com/search?q=%23insurancegrievance&src=typed_query&f=top",
        "user_name": "Deepak Vohra",
        "user_handle": "/vohra_deepak",
        "tweet_date": "Jun 25, 2022",
        "timestamp": "2022-06-25T08:19:49.000Z",
        "tweet_content": "Never trust starhealth#cheater#genuine claim rejected...!!\n \n \n #healthinsurance \n \n \n #claimrejection   #insurrech    #insurancegrievance    #Insurancesamadhan \n #insuranceclaim   #claimrejection   #claimsettlement \n #StarHealthInsurance ,",
        "replies": "3",
        "retweets": "1",
        "likes": "1",
        "app": "insurancegrievance"
    },
    {
        "search_link": "https://twitter.com/search?q=%23insurancegrievance&src=typed_query&f=top",
        "user_name": "GeMeLi Claims",
        "user_handle": "/gemeliclaims",
        "tweet_date": "Mar 30, 2022",
        "timestamp": "2022-03-30T13:52:33.000Z",
        "tweet_content": "Is it difficult to get your insurance claim for your own damage? Connect to Gemeli Claims\n #gemeliclaims   #insuranceclaimsupport   #insurancecomplaint    #insurancegrievance    #claimrejection   #accidentalclaimsupport   #KGFVerse   #Heatwave   #WarrenBuffet",
        "replies": "",
        "retweets": "",
        "likes": "1",
        "app": "insurancegrievance"
    },
    null,
    {
        "search_link": "https://twitter.com/search?q=%23insurancegrievance&src=typed_query&f=top",
        "user_name": "Bīmā Samādhāna ",
        "user_handle": "/BimaSamadhana",
        "tweet_date": "Oct 7, 2022",
        "timestamp": "2022-10-07T04:30:02.000Z",
        "tweet_content": "#JagoGrahakJago   #JagoInvestorJago   #ConsmerRights    #InsuranceGrievance    #RightToInformation",
        "replies": "",
        "retweets": "1",
        "likes": "2",
        "app": "insurancegrievance"
    },
    {
        "search_link": "https://twitter.com/search?q=%23insurancegrievance&src=typed_query&f=top",
        "user_name": "Insurance Samadhan",
        "user_handle": "/InsuranceSamad1",
        "tweet_date": "Apr 21, 2021",
        "timestamp": "2021-04-21T14:24:38.000Z",
        "tweet_content": "Mr. Rajesh Agarwal, narrates how a policy was mis-sold to him and how we at Insurance Samadhan helped resolve his grievance to help get his money back! \n\n \n #clienttestimonial   #insurtech    #insurancegrievance    #Insurancesamadha",
        "replies": "",
        "retweets": "",
        "likes": "2",
        "app": "insurancegrievance"
    },
    {
        "search_link": "https://twitter.com/search?q=%23insurancegrievance&src=typed_query&f=top",
        "user_name": "Pro Insurance Advisors and Consultants",
        "user_handle": "/peeroinsurance",
        "tweet_date": "Feb 19, 2022",
        "timestamp": "2022-02-18T18:47:55.000Z",
        "tweet_content": "Delight of resolving insurance issues of grieved general public.\n\nPending from Nov,21 for cancellation and refund of a Policy, we got it resolved in 10 days.\n\n #grievance    #insurancegrievance    #policycancellation   #policyrefund   #freelookup   #fullrefund   #onlinepolicy   #happytohelp",
        "replies": "",
        "retweets": "",
        "likes": "1",
        "app": "insurancegrievance"
    },
    {
        "search_link": "https://twitter.com/search?q=%23insurancegrievance&src=typed_query&f=top",
        "user_name": "Insurance Samadhan",
        "user_handle": "/InsuranceSamad1",
        "tweet_date": "May 25, 2021",
        "timestamp": "2021-05-25T08:03:25.000Z",
        "tweet_content": "At Insurance Samadhan, our priority is the swift and smooth recovery of your insurance dues.\n\nLet’s hear from Mr. Devender Singh Rawat about how the  #InsuranceSamadhanTeam  assisted him in recovering his hard-earned money.\n\n #Insurtech    #Insurancegrievance",
        "replies": "",
        "retweets": "1",
        "likes": "1",
        "app": "insurancegrievance"
    },
    {
        "search_link": "https://twitter.com/search?q=%23insurancegrievance&src=typed_query&f=top",
        "user_name": "Yugal sharma",
        "user_handle": "/Yugalcreator",
        "tweet_date": "Mar 11, 2020",
        "timestamp": "2020-03-11T09:52:54.000Z",
        "tweet_content": "@BhartiAXAGI    #indianinsurance   #insurance   #LifeInsurance    #insurancegrievance    #bhartiaxa",
        "replies": "1",
        "retweets": "",
        "likes": "",
        "app": "insurancegrievance"
    },
    {
        "search_link": "https://twitter.com/search?q=%23insurancegrievance&src=typed_query&f=top",
        "user_name": "Naren",
        "user_handle": "/kotaknaren",
        "tweet_date": "Mar 6, 2019",
        "timestamp": "2019-03-06T08:18:15.000Z",
        "tweet_content": "RT  : RT @SanjayAAALaw:  \n #Insurance \n #InsuranceTips \n  #InsuranceGrievance  \n #InsuranceComplaints \n #InsuranceClaim",
        "replies": "",
        "retweets": "",
        "likes": "",
        "app": "insurancegrievance"
    }
]