[
    {
        "search_link": "https://twitter.com/search?q=%23irda%20%23customerexperience&src=typed_query&f=top",
        "user_name": "Zoheb Shaikh",
        "user_handle": "/zohebshaikh2001",
        "tweet_date": "Jun 8, 2021",
        "timestamp": "2021-06-08T12:35:02.000Z",
        "tweet_content": "\nSince there is no response on my given query would like to cancel the policy with immediate effect.\n\nYour team has failed to provide the correct information  to me and have wasted my time.\nKindly return my money in full   #IRDA    #insurance    #CustomerExperience    #consumer",
        "replies": "4",
        "retweets": "",
        "likes": "",
        "app": "IRDA"
    },
    {
        "search_link": "https://twitter.com/search?q=%23irda%20%23customerexperience&src=typed_query&f=top",
        "user_name": "MM",
        "user_handle": "/M__Mads",
        "tweet_date": "Oct 27, 2022",
        "timestamp": "2022-10-27T03:18:10.000Z",
        "tweet_content": "Max is a cheat.  #shame   #cheat   #fraud    #CustomerExperience    #nirmalasitharaman    #irda       complaint not resolved after a month      #fraud",
        "replies": "1",
        "retweets": "3",
        "likes": "2",
        "app": "IRDA"
    },
    null,
    {
        "search_link": "https://twitter.com/search?q=%23irda%20%23customerexperience&src=typed_query&f=top",
        "user_name": "Rajat Lohia",
        "user_handle": "/LohiaRajat",
        "tweet_date": "Sep 1, 2022",
        "timestamp": "2022-09-01T05:51:14.000Z",
        "tweet_content": "Same automated reply like yesterday. Still no response from your so called “concerned” team   #irda    #help    #CustomerExperience             ",
        "replies": "1",
        "retweets": "1",
        "likes": "",
        "app": "IRDA"
    },
    {
        "search_link": "https://twitter.com/search?q=%23irda%20%23customerexperience&src=typed_query&f=top",
        "user_name": "Pratik Bubna",
        "user_handle": "/pratik1357",
        "tweet_date": "Oct 23, 2022",
        "timestamp": "2022-10-22T19:00:13.000Z",
        "tweet_content": "   : Day gone - no response from  #HDFCErgo   #Insurance  .   #IRDA   should take note of the  #lacklustre   #CustomerService  and  #TravelInsurance   #Claims    #CustomerExperience  .   seems to be  #Takingittooeasy  when it comes to  #CustomerNeeds  and  #CustomerQueries",
        "replies": "1",
        "retweets": "2",
        "likes": "",
        "app": "IRDA"
    },
    {
        "search_link": "https://twitter.com/search?q=%23irda%20%23customerexperience&src=typed_query&f=top",
        "user_name": "Swaraj Singh",
        "user_handle": "/swarajpoot",
        "tweet_date": "Mar 8, 2021",
        "timestamp": "2021-03-08T12:59:47.000Z",
        "tweet_content": " by when can I expect a reply.???????   #IRDA     #CustomerExperience    #insurance   #LIC      ",
        "replies": "",
        "retweets": "1",
        "likes": "",
        "app": "IRDA"
    },
    {
        "search_link": "https://twitter.com/search?q=%23irda%20%23customerexperience&src=typed_query&f=top",
        "user_name": "subodh phadnis",
        "user_handle": "/SKPhadnis",
        "tweet_date": "Nov 21, 2020",
        "timestamp": "2020-11-21T06:18:59.000Z",
        "tweet_content": "Is it really a new normal or a new abnormal for the insurance sector? Find out the answers today at  #OLMSummit .  join now  \n #Insurance   #finance   #tech   #investment   #GeneralInsurance   #insureTech    #IRDA     #customerexperience       ",
        "replies": "",
        "retweets": "",
        "likes": "",
        "app": "IRDA"
    },
    {
        "search_link": "https://twitter.com/search?q=%23irda%20%23customerexperience&src=typed_query&f=top",
        "user_name": "BBR",
        "user_handle": "/BandBajaateRaho",
        "tweet_date": "Dec 3, 2019",
        "timestamp": "2019-12-03T07:34:06.000Z",
        "tweet_content": "\n  #irda   should look into such instances also. \n\n  #CustomerExperience",
        "replies": "",
        "retweets": "",
        "likes": "3",
        "app": "IRDA"
    },
    {
        "search_link": "https://twitter.com/search?q=%23irda%20%23customerexperience&src=typed_query&f=top",
        "user_name": "Rajat Lohia",
        "user_handle": "/LohiaRajat",
        "tweet_date": "Aug 31, 2022",
        "timestamp": "2022-08-31T07:33:06.000Z",
        "tweet_content": "Your Renewal Goons call and threaten misbehave that too way before due date Employee name Sumit Emp Id 5119988 Contact 9311081950 I want immediate action       #IRDA    #HELP    #CustomerExperience",
        "replies": "2",
        "retweets": "1",
        "likes": "1",
        "app": "IRDA"
    },
    {
        "search_link": "https://twitter.com/search?q=%23irda%20%23customerexperience&src=typed_query&f=top",
        "user_name": "Anurag",
        "user_handle": "/It06Anu",
        "tweet_date": "Jul 5, 2019",
        "timestamp": "2019-07-05T13:45:26.000Z",
        "tweet_content": " On behalf of my friend, he has dropped an email regarding the  #medical   #insurance  & it has been more than 24 hours..You guys have not responded till now of his query.  #policybazaar    #irda  . pathetic   #CustomerExperience   .",
        "replies": "",
        "retweets": "1",
        "likes": "",
        "app": "IRDA"
    },
    {
        "search_link": "https://twitter.com/search?q=%23irda%20%23customerexperience&src=typed_query&f=top",
        "user_name": "Lakshman Singh",
        "user_handle": "/singh_laxx",
        "tweet_date": "Mar 3, 2021",
        "timestamp": "2021-03-03T12:20:00.000Z",
        "tweet_content": " after 15 days this is the hopeless response from your team. No timeline only fake assurances. Focus is only to trap new customers and ignore 10 years old customer    #CustomerService    #IRDA     #customerexperience",
        "replies": "1",
        "retweets": "",
        "likes": "",
        "app": "IRDA"
    },
    {
        "search_link": "https://twitter.com/search?q=%23irda%20%23customerexperience&src=typed_query&f=top",
        "user_name": "Raj Jain",
        "user_handle": "/freshflavorsof2",
        "tweet_date": "Jul 15, 2020",
        "timestamp": "2020-07-15T11:57:07.000Z",
        "tweet_content": "\n #irdai \nas per the call from 8916609200 at 16:50 today\n\n A BIG ZERO\n\n #CustomerService    #CustomerExperience     #irda    #insurance   #health",
        "replies": "",
        "retweets": "1",
        "likes": "",
        "app": "IRDA"
    },
    {
        "search_link": "https://twitter.com/search?q=%23irda%20%23customerexperience&src=typed_query&f=top",
        "user_name": "Amit Verma",
        "user_handle": "/amitcanu",
        "tweet_date": "Aug 7, 2018",
        "timestamp": "2018-08-07T03:54:53.000Z",
        "tweet_content": " how many days does it take to respond to a simple query - ideally a day or two, your mail said 5. 10 days and no reply at all  #shocking    #CustomerExperience       #irda",
        "replies": "",
        "retweets": "",
        "likes": "",
        "app": "IRDA"
    },
    {
        "search_link": "https://twitter.com/search?q=%23irda%20%23customerexperience&src=typed_query&f=top",
        "user_name": "Kunal Momaya",
        "user_handle": "/King_Kunal",
        "tweet_date": "Feb 14, 2017",
        "timestamp": "2017-02-14T16:55:02.000Z",
        "tweet_content": "@MaxBupa y no response to my DMs?   #CustomerExperience     #irda",
        "replies": "",
        "retweets": "",
        "likes": "",
        "app": "IRDA"
    },
    {
        "search_link": "https://twitter.com/search?q=%23irda%20%23customerexperience&src=typed_query&f=top",
        "user_name": "El Nino",
        "user_handle": "/AnuragUpes",
        "tweet_date": "Sep 15, 2022",
        "timestamp": "2022-09-15T09:51:17.000Z",
        "tweet_content": "Ur sales rep clearly named \"devine and sterling hospital in 370201 for ipd and assured if IPD is there OPD should be there..u will be able to see once you get ur application access\".Now u r saying that we used the word ,\"SHOULD\"   #IRDA  ,  #CustomerExperience",
        "replies": "1",
        "retweets": "",
        "likes": "",
        "app": "IRDA"
    },
    {
        "search_link": "https://twitter.com/search?q=%23irda%20%23customerexperience&src=typed_query&f=top",
        "user_name": "Ashutosh Kumar",
        "user_handle": "/AshutoshNow",
        "tweet_date": "Sep 15, 2017",
        "timestamp": "2017-09-15T09:37:18.000Z",
        "tweet_content": "Lets see if customers are being heard post you escalate to    #Mr .G.Srinivasan  #india    #irda     #CustomerExperience",
        "replies": "",
        "retweets": "",
        "likes": "",
        "app": "IRDA"
    },
    {
        "search_link": "https://twitter.com/search?q=%23irda%20%23customerexperience&src=typed_query&f=top",
        "user_name": "Karan Trehan",
        "user_handle": "/tweet2karan",
        "tweet_date": "Dec 27, 2021",
        "timestamp": "2021-12-27T08:25:37.000Z",
        "tweet_content": " After one week also no inspection done. First because of your silly mistake policy got expired eary. Now new inspection not getting done. \nYour social mesia manager cant do anything. \nWorst experience\n #CustomerService \n  #CustomerExperience  \n  #irda  \n #insurance",
        "replies": "1",
        "retweets": "1",
        "likes": "",
        "app": "IRDA"
    },
    {
        "search_link": "https://twitter.com/search?q=%23irda%20%23customerexperience&src=typed_query&f=top",
        "user_name": "Atul Joshi",
        "user_handle": "/Atulyajosh",
        "tweet_date": "Jun 7",
        "timestamp": "2023-06-07T13:18:15.000Z",
        "tweet_content": " ur system failed to deduct my monthly EMI since feb'23. No Intimation of missed premium received. After raising complaint, ur office asking me to pay all EMI at once.I m penalized for no mistake of mine. Please help\n  #IRDA  \n #HDFCERGO \n #poorservice \n  #customerexperience",
        "replies": "1",
        "retweets": "",
        "likes": "",
        "app": "IRDA"
    },
    {
        "search_link": "https://twitter.com/search?q=%23irda%20%23customerexperience&src=typed_query&f=top",
        "user_name": "Swaraj Singh",
        "user_handle": "/swarajpoot",
        "tweet_date": "Mar 9, 2021",
        "timestamp": "2021-03-09T15:49:15.000Z",
        "tweet_content": " this is how you work? NO RESPONSE !!!   #IRDA    #insurance   #beema   #बीमा   #LIC   #financenews   #SCAM    #customerexperience    #customerinsights   #ICICILombard   #HDFCLIFE  #",
        "replies": "",
        "retweets": "",
        "likes": "",
        "app": "IRDA"
    },
    {
        "search_link": "https://twitter.com/search?q=%23irda%20%23customerexperience&src=typed_query&f=top",
        "user_name": "InvestmentGurus",
        "user_handle": "/GurusInvestment",
        "tweet_date": "Jul 14, 2020",
        "timestamp": "2020-07-14T09:17:52.000Z",
        "tweet_content": "Different colors of   \n- Confirmed Reinstatement of my Policy on 02/jul/2020\n- Additional requirement requisites even after revival on 10/Jul/2020\n- Postponed my renewal by itself on same day 10/Jul/2020\n\n #CustomerService    #CustomerExperience     #irda    #insurance   #health",
        "replies": "1",
        "retweets": "1",
        "likes": "1",
        "app": "IRDA"
    },
    {
        "search_link": "https://twitter.com/search?q=%23irda%20%23customerexperience&src=typed_query&f=top",
        "user_name": "PK",
        "user_handle": "/cpkpkc",
        "tweet_date": "Nov 26, 2020",
        "timestamp": "2020-11-26T04:21:24.000Z",
        "tweet_content": "Having shared all the details, Sandeep from your priority desk calls me and said it would be resolved in 1 week and this was on 18th..worse, on the app you close the claim?   #CustomerExperience     #irda",
        "replies": "1",
        "retweets": "",
        "likes": "",
        "app": "IRDA"
    },
    {
        "search_link": "https://twitter.com/search?q=%23irda%20%23customerexperience&src=typed_query&f=top",
        "user_name": "Abhishek Pathak",
        "user_handle": "/abhishekpathak9",
        "tweet_date": "Mar 26, 2016",
        "timestamp": "2016-03-26T12:33:45.000Z",
        "tweet_content": " RR -HS15-10330939 claim repudiated for cataract l. Worst   #customerexperience  .Reason for repudiation.Check   #irda   guidelines",
        "replies": "1",
        "retweets": "",
        "likes": "",
        "app": "IRDA"
    },
    {
        "search_link": "https://twitter.com/search?q=%23irda%20%23customerexperience&src=typed_query&f=top",
        "user_name": "Jones Joseph",
        "user_handle": "/jonesjoseph",
        "tweet_date": "Jan 5, 2021",
        "timestamp": "2021-01-05T11:21:21.000Z",
        "tweet_content": " don't know why so much of non-response\n  #IRDA  \n  #CustomerExperience  \n #CustomerService",
        "replies": "",
        "retweets": "",
        "likes": "",
        "app": "IRDA"
    },
    {
        "search_link": "https://twitter.com/search?q=%23irda%20%23customerexperience&src=typed_query&f=top",
        "user_name": "आदित्य दुबे",
        "user_handle": "/DubeyAditya_D",
        "tweet_date": "Jul 13, 2022",
        "timestamp": "2022-07-13T13:11:51.000Z",
        "tweet_content": "I request   #IRDA     to ask how many  #HealthInsurance  service providers company has provided list of limit to customers while selling the  #InsurancePolicy  important information is not disclosed and why always kept secret till the claim process start why   #CustomerExperience",
        "replies": "",
        "retweets": "",
        "likes": "",
        "app": "IRDA"
    },
    {
        "search_link": "https://twitter.com/search?q=%23irda%20%23customerexperience&src=typed_query&f=top",
        "user_name": "Swaraj Singh",
        "user_handle": "/swarajpoot",
        "tweet_date": "Mar 2, 2021",
        "timestamp": "2021-03-02T13:18:05.000Z",
        "tweet_content": "Why customer bear taxes in a ULIP plan which is missold by   employee. Why this  #scam  ?  #insurance   #fraud    #IRDA     #CustomerExperience    #CustomerSatisfaction   #LifeInsurance   #SIP   #mutualfunds   #invetment   #indiafirstinsurance    help",
        "replies": "",
        "retweets": "1",
        "likes": "",
        "app": "IRDA"
    },
    {
        "search_link": "https://twitter.com/search?q=%23irda%20%23customerexperience&src=typed_query&f=top",
        "user_name": "Jones Joseph",
        "user_handle": "/jonesjoseph",
        "tweet_date": "Aug 23, 2018",
        "timestamp": "2018-08-23T13:50:00.000Z",
        "tweet_content": "I have shared with the escalation team about the issues. But there is hardly any progress.\n- 9th Aug - email to them\n- Promised resolution by 20th Aug\n- 22nd Aug - email to senior grievance officer\nNo response!!\n\n #Kotak  cares? Hardly!!!!\n  #CustomerExperience  \n  #IRDA  \n",
        "replies": "1",
        "retweets": "",
        "likes": "",
        "app": "IRDA"
    },
    {
        "search_link": "https://twitter.com/search?q=%23irda%20%23customerexperience&src=typed_query&f=top",
        "user_name": "Outlook India",
        "user_handle": "/Outlookindia",
        "tweet_date": "Nov 21, 2020",
        "timestamp": "2020-11-21T05:12:57.000Z",
        "tweet_content": "Is it really a new normal or a new abnormal for the insurance sector? Find out the answers today at  #OLMSummit .  join now  \n #Insurance   #finance   #tech   #investment   #GeneralInsurance   #insureTech    #IRDA     #customerexperience       ",
        "replies": "",
        "retweets": "",
        "likes": "2",
        "app": "IRDA"
    },
    {
        "search_link": "https://twitter.com/search?q=%23irda%20%23customerexperience&src=typed_query&f=top",
        "user_name": "Outlook India",
        "user_handle": "/Outlookindia",
        "tweet_date": "Nov 21, 2020",
        "timestamp": "2020-11-21T05:10:25.000Z",
        "tweet_content": "Today we have G Muralidhar, MD & CEO, Kotak Life speaking to us on strategies for new normal. Don't forget to log in:  \n #Insurance   #finance   #tech   #investment   #ULIP   #GeneralInsurance   #insureTech    #IRDA     #customerexperience  \n    ",
        "replies": "",
        "retweets": "",
        "likes": "5",
        "app": "IRDA"
    },
    {
        "search_link": "https://twitter.com/search?q=%23irda%20%23customerexperience&src=typed_query&f=top",
        "user_name": "Outlook India",
        "user_handle": "/Outlookindia",
        "tweet_date": "Nov 21, 2020",
        "timestamp": "2020-11-21T05:08:02.000Z",
        "tweet_content": "Today we have Kshitij Jain, MD & CEO, Exide Life speaking to us on strategies for new normal. Don't forget to log in:  \n #Insurance   #finance   #tech   #investment   #ULIP   #GeneralInsurance   #insureTech    #IRDA     #customerexperience  \n    ",
        "replies": "",
        "retweets": "",
        "likes": "2",
        "app": "IRDA"
    }
]