[
    {
        "search_link": "https://twitter.com/search?q=%23navigeneralinsurance&src=typed_query&f=top",
        "user_name": "Finnquest_com",
        "user_handle": "/FinquestI",
        "tweet_date": "Jun 28, 2021",
        "timestamp": "2021-06-28T11:37:25.000Z",
        "tweet_content": "NAVI Insurance has come up with an EMI option which will bring more people I to the system. Check it out if this seems relevant and interesting for you.\n\n #financialplanning   #insurance   #healthinsurance   #insuranceclaim   #healthinsuranceforall    #navigeneralinsurance",
        "replies": "",
        "retweets": "",
        "likes": "",
        "app": "navigeneralinsurance"
    },
    {
        "search_link": "https://twitter.com/search?q=%23navigeneralinsurance&src=typed_query&f=top",
        "user_name": "Ranjan Dutt",
        "user_handle": "/rdx_75",
        "tweet_date": "Apr 10, 2021",
        "timestamp": "2021-04-10T13:18:37.000Z",
        "tweet_content": "Sirf 2 minute is all you need. There are no 'WALLS' to climb...we guarantee!!  #IndiraNagarKaGunda   #Dravid   #Trendjacking   #NaviHealth   #trendingnow    #NaviGeneralInsurance",
        "replies": "",
        "retweets": "",
        "likes": "",
        "app": "navigeneralinsurance"
    },
    null,
    {
        "search_link": "https://twitter.com/search?q=%23navigeneralinsurance&src=typed_query&f=top",
        "user_name": "NFAPost",
        "user_handle": "/TheNFAPost",
        "tweet_date": "Jun 14, 2021",
        "timestamp": "2021-06-14T15:12:44.000Z",
        "tweet_content": "Navi General Insurance Launches Subscription-based Health Insurance Through Monthly EMIs   \n@naviinsurance     #navigeneralinsurance  \n #navi   #insurance   #emi",
        "replies": "",
        "retweets": "",
        "likes": "",
        "app": "navigeneralinsurance"
    },
    {
        "search_link": "https://twitter.com/search?q=%23navigeneralinsurance&src=typed_query&f=top",
        "user_name": "The Banking & Finance Post",
        "user_handle": "/BFSIPost",
        "tweet_date": "Jun 18, 2020",
        "timestamp": "2020-06-18T12:15:46.000Z",
        "tweet_content": "#Flipkart  co-founder  #SachinBansal ’s   #NaviGeneralInsurance   has fired 40 employees and also reviewing the future plans of the firm. The layoffs have brought down the strength of the  #insurance  company of 163 employees by one-fourth.  #EletsBFSI",
        "replies": "",
        "retweets": "2",
        "likes": "4",
        "app": "navigeneralinsurance"
    },
    {
        "search_link": "https://twitter.com/search?q=%23navigeneralinsurance&src=typed_query&f=top",
        "user_name": "Investment Guru India",
        "user_handle": "/InvGurInd",
        "tweet_date": "Aug 10, 2022",
        "timestamp": "2022-08-10T09:27:14.000Z",
        "tweet_content": " Appoints Sumithasri Eranti Venkataramagupta as Chairperson\n\n \n #Industry   #AvivaIndia   #SumithasriErantiVenkataramagupta    #NaviGeneralInsurance    #Investmentguruindia  ",
        "replies": "",
        "retweets": "",
        "likes": "",
        "app": "navigeneralinsurance"
    },
    {
        "search_link": "https://twitter.com/search?q=%23navigeneralinsurance&src=typed_query&f=top",
        "user_name": "ET Hindi",
        "user_handle": "/ETHindi",
        "tweet_date": "Jun 15, 2021",
        "timestamp": "2021-06-15T10:52:32.000Z",
        "tweet_content": "मंथली ईएमआई पर भी मिल रहा है हेल्थ इंश्योरेंस, जानें कहां\n #HealthInsurance    #NaviGeneralInsurance    \n",
        "replies": "",
        "retweets": "1",
        "likes": "5",
        "app": "navigeneralinsurance"
    }
]