[
    {
        "search_link": "https://twitter.com/search?q=%23reliancehealthinsurance&src=typed_query&f=top",
        "user_name": "Ravindra Sudhalkar",
        "user_handle": "/Sudhalkarravi",
        "tweet_date": "Dec 19, 2018",
        "timestamp": "2018-12-19T09:44:11.000Z",
        "tweet_content": "Honoured to announce the partnership with   #RelianceHealthInsurance   and  #RelianceHomeFinance \n@rhiconnect   ",
        "replies": "3",
        "retweets": "7",
        "likes": "33",
        "app": "reliance"
    },
    {
        "search_link": "https://twitter.com/search?q=%23reliancehealthinsurance&src=typed_query&f=top",
        "user_name": "Navvin Jaiin",
        "user_handle": "/NavvinJaiin",
        "tweet_date": "Dec 10, 2018",
        "timestamp": "2018-12-10T01:46:10.000Z",
        "tweet_content": "Today, WE out the ORDINARY   #reliancehealthinsurance    #RelianceHealth   #DigitalHealthInsurance   #healthcare   #OutTheOrdinary   #healthinsurance   #MoreHealthInsurance   #AutoMagicHealthInsurance   #HealthCare   #HealthCover   #AffordableHealthInsurance   #HealthInsurancePlans   #rhiconnect",
        "replies": "2",
        "retweets": "1",
        "likes": "8",
        "app": "reliance"
    },
    null,
    {
        "search_link": "https://twitter.com/search?q=%23reliancehealthinsurance&src=typed_query&f=top",
        "user_name": "Navvin Jaiin",
        "user_handle": "/NavvinJaiin",
        "tweet_date": "Dec 8, 2018",
        "timestamp": "2018-12-07T23:43:03.000Z",
        "tweet_content": "#healthinsurance   #digital   #magicalexperience   #more    #reliancehealthinsurance    #reliance   #oto   #3days2go   #reliancecapital   #happening   #insuranceclaims   #insuranceagents   #insurancesales   #insurancecustomers   #Magic   #moreismore   #MORExclusives   #AyushmanBharat   #CustomerExperience",
        "replies": "",
        "retweets": "1",
        "likes": "3",
        "app": "reliance"
    },
    {
        "search_link": "https://twitter.com/search?q=%23reliancehealthinsurance&src=typed_query&f=top",
        "user_name": "Poonam Sareen",
        "user_handle": "/sareenpoonam",
        "tweet_date": "Jul 11, 2019",
        "timestamp": "2019-07-11T14:57:32.000Z",
        "tweet_content": "This award aims to promote the importance of customer service quality. Our world revolves around our Customers.   #reliancehealthinsurance    #automagic   #insurance   #CustomerService",
        "replies": "",
        "retweets": "",
        "likes": "5",
        "app": "reliance"
    },
    {
        "search_link": "https://twitter.com/search?q=%23reliancehealthinsurance&src=typed_query&f=top",
        "user_name": "🆂🆄🆂🅷🅼🅸🆃",
        "user_handle": "/Dad_ka_Queen",
        "tweet_date": "Oct 10, 2018",
        "timestamp": "2018-10-10T07:55:51.000Z",
        "tweet_content": "   #RelianceHealthInsurance   \n #PaisaQuiz   #Quiz   #contest   #poll   #TwitterPolls   #weeklyquiz   #paisabazaar   #personalfinance   #insurance   #amazon   #AmazonVouchers",
        "replies": "",
        "retweets": "",
        "likes": "",
        "app": "reliance"
    },
    {
        "search_link": "https://twitter.com/search?q=%23reliancehealthinsurance&src=typed_query&f=top",
        "user_name": "Amol Sharad Hadkar",
        "user_handle": "/amoljvm",
        "tweet_date": "Sep 7, 2020",
        "timestamp": "2020-09-06T19:46:23.000Z",
        "tweet_content": "Highly unsatisfied with service by   #RelianceHealthInsurance  .\nI really don't understand the CRM team why they are not checking my mails. Randomly sending mails just to show they are working.",
        "replies": "1",
        "retweets": "",
        "likes": "",
        "app": "reliance"
    },
    {
        "search_link": "https://twitter.com/search?q=%23reliancehealthinsurance&src=typed_query&f=top",
        "user_name": "RuchikaPatil16",
        "user_handle": "/Ruchika6806",
        "tweet_date": "Oct 5, 2018",
        "timestamp": "2018-10-05T12:00:16.000Z",
        "tweet_content": "#RelianceHealthInsurance   gets  #IRDAI  nod, to start operations in December",
        "replies": "",
        "retweets": "",
        "likes": "",
        "app": "reliance"
    },
    {
        "search_link": "https://twitter.com/search?q=%23reliancehealthinsurance&src=typed_query&f=top",
        "user_name": "Adv. Saghar Mehdi",
        "user_handle": "/Saghar_Mehdi",
        "tweet_date": "Oct 6, 2018",
        "timestamp": "2018-10-06T14:29:53.000Z",
        "tweet_content": "Is the Centre Favouring Anil Ambani’s Reliance Insurance in J&K?  \n #AnilAmbani \n  #RelianceHealthInsurance  \n #Jummu &Kashmir",
        "replies": "",
        "retweets": "",
        "likes": "",
        "app": "reliance"
    },
    {
        "search_link": "https://twitter.com/search?q=%23reliancehealthinsurance&src=typed_query&f=top",
        "user_name": "Inventicon",
        "user_handle": "/InventiconBI",
        "tweet_date": "Nov 25, 2019",
        "timestamp": "2019-11-25T06:39:41.000Z",
        "tweet_content": "Discussing about the right media mix in  #Marketing  at Corporate  #MediaPlanning  & Branding Strategy Summit 2019. Moderated by  , speakers:  , Former CMO,   #RelianceHealthInsurance   and  #AnirbanMukhuti , Head-Marketing,   India.",
        "replies": "",
        "retweets": "3",
        "likes": "4",
        "app": "reliance"
    },
    {
        "search_link": "https://twitter.com/search?q=%23reliancehealthinsurance&src=typed_query&f=top",
        "user_name": "Ashwani Singh ",
        "user_handle": "/_Singhak",
        "tweet_date": "Oct 6, 2018",
        "timestamp": "2018-10-06T05:00:39.000Z",
        "tweet_content": "Something fishy here too? \nI bet there is lot that just fishy.   #RelianceHealthInsurance    #JandK \n",
        "replies": "",
        "retweets": "",
        "likes": "",
        "app": "reliance"
    },
    {
        "search_link": "https://twitter.com/search?q=%23reliancehealthinsurance&src=typed_query&f=top",
        "user_name": "Investment Guru India",
        "user_handle": "/InvGurInd",
        "tweet_date": "Oct 5, 2018",
        "timestamp": "2018-10-05T06:39:47.000Z",
        "tweet_content": "News Alert-   #RelianceHealthInsurance   To Commence Business By December Quarter:  #RelCap \n \n #NBFCSector",
        "replies": "",
        "retweets": "",
        "likes": "",
        "app": "reliance"
    },
    {
        "search_link": "https://twitter.com/search?q=%23reliancehealthinsurance&src=typed_query&f=top",
        "user_name": "Succession Planning 101",
        "user_handle": "/SuccessionPlnSF",
        "tweet_date": "Nov 4, 2018",
        "timestamp": "2018-11-03T22:03:01.000Z",
        "tweet_content": "Reliance Health Insurance gets final nod from Irdai to start ops    #Insurance    #reliancehealthinsurance",
        "replies": "",
        "retweets": "",
        "likes": "",
        "app": "reliance"
    },
    {
        "search_link": "https://twitter.com/search?q=%23reliancehealthinsurance&src=typed_query&f=top",
        "user_name": "RupeeIQ",
        "user_handle": "/rupeeiq",
        "tweet_date": "Nov 7, 2019",
        "timestamp": "2019-11-07T13:56:47.000Z",
        "tweet_content": "Why has regulator IRDAI stopped Reliance Health Insurance from selling new policies     #reliancehealthinsurance    #healthinsurance   #irdai",
        "replies": "",
        "retweets": "",
        "likes": "",
        "app": "reliance"
    },
    {
        "search_link": "https://twitter.com/search?q=%23reliancehealthinsurance&src=typed_query&f=top",
        "user_name": "Ippodhu",
        "user_handle": "/ippodhu",
        "tweet_date": "Oct 6, 2018",
        "timestamp": "2018-10-06T14:17:17.000Z",
        "tweet_content": "மீண்டும் அனில் அம்பானிக்கு சாதகமாக செயல்பட்ட மோடி ; மோடியின் மருத்துவக் காப்பீட்டுத் திட்டம் ரிலையன்ஸுக்கு\n :  \n  #RelianceHealthInsurance  ,  #Modi  ,  #J_K_Employees ,  #RelianceGeneralInsurance ,  #AnilAmbani ,  #NewsIppodhu",
        "replies": "",
        "retweets": "1",
        "likes": "1",
        "app": "reliance"
    },
    {
        "search_link": "https://twitter.com/search?q=%23reliancehealthinsurance&src=typed_query&f=top",
        "user_name": "Ashoka News",
        "user_handle": "/Ashokanews1",
        "tweet_date": "Sep 19, 2018",
        "timestamp": "2018-09-19T04:39:51.000Z",
        "tweet_content": "Standalone 'Reliance Health Insurance' to be operational this fiscal: Anmol Ambani\n \n #Ashokanews    #RelianceHealthInsurance    #AnmolAmbani",
        "replies": "",
        "retweets": "",
        "likes": "",
        "app": "reliance"
    },
    {
        "search_link": "https://twitter.com/search?q=%23reliancehealthinsurance&src=typed_query&f=top",
        "user_name": "sanikasharma8",
        "user_handle": "/marketnews201",
        "tweet_date": "Oct 5, 2018",
        "timestamp": "2018-10-05T09:36:59.000Z",
        "tweet_content": "#RelianceHealthInsurance   gets IRDAI nod, to start operations in December",
        "replies": "",
        "retweets": "",
        "likes": "",
        "app": "reliance"
    },
    {
        "search_link": "https://twitter.com/search?q=%23reliancehealthinsurance&src=typed_query&f=top",
        "user_name": "Hanif Shaikh",
        "user_handle": "/shaikhhanif_",
        "tweet_date": "Feb 15, 2019",
        "timestamp": "2019-02-15T12:39:15.000Z",
        "tweet_content": "MORE Health Insurance Plan From Reliance Health Insurance  #healthinsurance   #morehealthplan    #reliancehealthinsurance   @rhiconnect  \n",
        "replies": "",
        "retweets": "",
        "likes": "",
        "app": "reliance"
    },
    {
        "search_link": "https://twitter.com/search?q=%23reliancehealthinsurance&src=typed_query&f=top",
        "user_name": "Dalal Street Investment Journal",
        "user_handle": "/DSIJ",
        "tweet_date": "Oct 5, 2018",
        "timestamp": "2018-10-05T12:11:28.000Z",
        "tweet_content": "#RelianceHealthInsurance   gets  #IRDAI  nod\n",
        "replies": "",
        "retweets": "",
        "likes": "",
        "app": "reliance"
    },
    {
        "search_link": "https://twitter.com/search?q=%23reliancehealthinsurance&src=typed_query&f=top",
        "user_name": "Moneycontrol Hindi",
        "user_handle": "/MoneycontrolH",
        "tweet_date": "Nov 7, 2019",
        "timestamp": "2019-11-07T10:14:56.000Z",
        "tweet_content": "#healthinsurance ,   #RelianceHealthInsurance  ,  #IRDAI । Reliance Health Insurance पॉलिसी पर IRDAI ने लगाई रोक, कंपनी की हालत कमजोर\nपूरी खबर पढ़ने के लिए नीचे दिए गए लिंक पर क्लिक करें \n",
        "replies": "",
        "retweets": "",
        "likes": "",
        "app": "reliance"
    },
    {
        "search_link": "https://twitter.com/search?q=%23reliancehealthinsurance&src=typed_query&f=top",
        "user_name": "EquityBulls.com",
        "user_handle": "/equitybulls",
        "tweet_date": "Oct 5, 2018",
        "timestamp": "2018-10-05T06:35:00.000Z",
        "tweet_content": "Reliance Health Insurance receives R3 approval from IRDAI\n\n \n  #RelianceHealthInsurance    #R3   #Approval   #IRDAI",
        "replies": "",
        "retweets": "1",
        "likes": "1",
        "app": "reliance"
    },
    {
        "search_link": "https://twitter.com/search?q=%23reliancehealthinsurance&src=typed_query&f=top",
        "user_name": "FreeKaaMaal.com",
        "user_handle": "/FreeKaaMaal",
        "tweet_date": "Sep 21, 2022",
        "timestamp": "2022-09-21T11:43:04.000Z",
        "tweet_content": "Health First - Flat 50% Cashback On Reliance Health Insurance !!:   #RelianceHealthInsurance    #HealthInsurance   #Freekaamaal   #Desease   #Insurance      #offers   #deals   #cashback",
        "replies": "",
        "retweets": "",
        "likes": "",
        "app": "reliance"
    },
    {
        "search_link": "https://twitter.com/search?q=%23reliancehealthinsurance&src=typed_query&f=top",
        "user_name": "Indiantelevision.com",
        "user_handle": "/ITVNewz",
        "tweet_date": "Dec 28, 2018",
        "timestamp": "2018-12-28T10:30:17.000Z",
        "tweet_content": "Enormous Brands has announced that it has won the creative mandate of Reliance Health Insurance. \n\n \n #EnormousBrands    #RelianceHealthInsurance    #AshishKhazanchi   #RaviVishwanath",
        "replies": "",
        "retweets": "",
        "likes": "1",
        "app": "reliance"
    },
    {
        "search_link": "https://twitter.com/search?q=%23reliancehealthinsurance&src=typed_query&f=top",
        "user_name": "Punjab Kesari",
        "user_handle": "/punjabkesari",
        "tweet_date": "Nov 7, 2019",
        "timestamp": "2019-11-07T10:20:00.000Z",
        "tweet_content": "अनिल अंबानी की बढ़ी मुश्किलें, अब रिलायंस हेल्थ इंश्योरेंस कंपनी नहीं बेच पाएगी नई पॉलिसी \n \n #AnilAmbani    #RelianceHealthInsurance    #Policy",
        "replies": "1",
        "retweets": "1",
        "likes": "3",
        "app": "reliance"
    },
    {
        "search_link": "https://twitter.com/search?q=%23reliancehealthinsurance&src=typed_query&f=top",
        "user_name": "TV9 Marathi",
        "user_handle": "/TV9Marathi",
        "tweet_date": "May 28, 2022",
        "timestamp": "2022-05-28T04:55:35.000Z",
        "tweet_content": "Reliance General Insurance : आरोग्य विमा क्षेत्रात रिलायन्सची लवकरच ‘एंट्री’! पसंतीनुसार ग्राहकांना पॉलिसी फीचर्स निवडीचे स्वातंत्र्य\n \n  #RelianceHealthInsurance    #InsurancePolicy   #InsuranceSector   #PolicyFeature   #InsuranceAmount",
        "replies": "",
        "retweets": "",
        "likes": "10",
        "app": "reliance"
    },
    {
        "search_link": "https://twitter.com/search?q=%23reliancehealthinsurance&src=typed_query&f=top",
        "user_name": "oneindiakannada",
        "user_handle": "/OneindiaKannada",
        "tweet_date": "Oct 6, 2018",
        "timestamp": "2018-10-06T10:49:49.000Z",
        "tweet_content": "ರಫೇಲ್ ಒಪ್ಪಂದದಲ್ಲಿ ರಿಲಯನ್ಸ್‌ ಕಂಪೆನಿಗೆ ನೆರವಾಗಲು ಮೋದಿ ಒಪ್ಪಂದವನ್ನು ಬದಲಿಸಿದ್ದಾರೆ ಎಂಬ ಆರೋಪದ ಬೆನ್ನಲ್ಲೇ ಮತ್ತೊಂದು ವಿವಾದ ಹುಟ್ಟಿಕೊಂಡಿದೆ.\n\n #RafaleScam   #NarendraModi    #RelianceHealthinsurance    #AnilAmbani \n",
        "replies": "",
        "retweets": "1",
        "likes": "",
        "app": "reliance"
    },
    {
        "search_link": "https://twitter.com/search?q=%23reliancehealthinsurance&src=typed_query&f=top",
        "user_name": "Deccan Herald",
        "user_handle": "/DeccanHerald",
        "tweet_date": "Oct 5, 2018",
        "timestamp": "2018-10-05T07:27:48.000Z",
        "tweet_content": "#AnilAmbani -led   #RelianceHealthInsurance  , a wholly owned subsidiary of  #RelianceCapital , has received final approval from the insurance regulator to start operations. \n\n",
        "replies": "",
        "retweets": "",
        "likes": "",
        "app": "reliance"
    }
]