[
    {
        "search_link": "https://twitter.com/search?q=%23starhealthinsurancefraud&src=typed_query&f=top",
        "user_name": "Arjun Manu™",
        "user_handle": "/arjusohi",
        "tweet_date": "Jul 20, 2022",
        "timestamp": "2022-07-20T02:52:59.000Z",
        "tweet_content": " You can't run a fraud company for a long time, people will tear you apart.   #starhealthinsuranceFraud",
        "replies": "1",
        "retweets": "",
        "likes": "",
        "app": "star"
    },
    {
        "search_link": "https://twitter.com/search?q=%23starhealthinsurancefraud&src=typed_query&f=top",
        "user_name": "Hyderabad Zone",
        "user_handle": "/hyderabad_zone",
        "tweet_date": "Feb 4, 2022",
        "timestamp": "2022-02-04T15:55:57.000Z",
        "tweet_content": ", Waste Customer service, No one contacted regarding my query after complaint, it's 24 hours. \n\nBetter to stay away from this type of companies. \n\n   #StarHealthInsurance   #healthinsurance   #insurance    #StarHealthInsuranceFraud",
        "replies": "",
        "retweets": "",
        "likes": "",
        "app": "star"
    },
    null,
    {
        "search_link": "https://twitter.com/search?q=%23starhealthinsurancefraud&src=typed_query&f=top",
        "user_name": "Sankèt",
        "user_handle": "/isankett",
        "tweet_date": "Feb 21, 2022",
        "timestamp": "2022-02-21T11:12:40.000Z",
        "tweet_content": "  \n I will never suggest StarHealth to anyone. This company is fraud. Rejected our policy for silly reason. I'll escalate this matter further.  #starhealthinsurance    #starhealthinsurancefraud    #fraudalert   #insurancefraud   #policybazaarfraud",
        "replies": "5",
        "retweets": "",
        "likes": "1",
        "app": "star"
    },
    {
        "search_link": "https://twitter.com/search?q=%23starhealthinsurancefraud&src=typed_query&f=top",
        "user_name": "Udit Goenka",
        "user_handle": "/iuditg",
        "tweet_date": "Sep 29, 2021",
        "timestamp": "2021-09-29T14:57:52.000Z",
        "tweet_content": "Never trusting private  #insurance  companies again. Definitely exposing this scam and fraud by  \n #fraudalert   #insurancefraud   #starhealth    #starhealthinsurancefraud",
        "replies": "",
        "retweets": "",
        "likes": "",
        "app": "star"
    },
    {
        "search_link": "https://twitter.com/search?q=%23starhealthinsurancefraud&src=typed_query&f=top",
        "user_name": "VIKAS SINGH",
        "user_handle": "/im_vikassingh",
        "tweet_date": "May 11, 2021",
        "timestamp": "2021-05-11T07:41:53.000Z",
        "tweet_content": "Fraud by   . My mother was admitted to hospital for Covid19. These people only approved 50% of the claim despite promising best service. Customer care don't reply to any queries. I have been following up with them since weeks now.   #starhealthinsurancefraud",
        "replies": "1",
        "retweets": "",
        "likes": "",
        "app": "star"
    },
    {
        "search_link": "https://twitter.com/search?q=%23starhealthinsurancefraud&src=typed_query&f=top",
        "user_name": "Bhanwardeep Copper",
        "user_handle": "/ashishbafna2377",
        "tweet_date": "Jan 23",
        "timestamp": "2023-01-23T17:28:09.000Z",
        "tweet_content": "#StarHealthInsuranceFraud   company. Genuine dengue claim not given. Claim no CIR/2023/201113/1055025",
        "replies": "",
        "retweets": "",
        "likes": "",
        "app": "star"
    },
    {
        "search_link": "https://twitter.com/search?q=%23starhealthinsurancefraud&src=typed_query&f=top",
        "user_name": "Ananya",
        "user_handle": "/Ananya12041991",
        "tweet_date": "Jul 14",
        "timestamp": "2023-07-14T13:38:41.000Z",
        "tweet_content": " What type of business you guys are running? Your premiums have increased 100% and you are rejecting claims on baseless reasons. I am ashamed to be your customer.   #starhealthinsurancefraud",
        "replies": "1",
        "retweets": "",
        "likes": "",
        "app": "star"
    }
]